sub_id,face_id,distance,familiar,sex,race,out_degree,in_degree,high,low,notes,,,
B2S-4962c,B2S-3dba2,distance_1,1,male,asian,5,4,0,1,,,,
B2S-4962c,B2S-102e0,distance_1,1,female,asian,5,4,0,1,,,,
B2S-4962c,B2S-f366d,distance_1,1,female,ambiguous,0,5,1,0,,,,
B2S-4962c,B2S-16fa0,distance_1,1,female,white,9,2,1,0,,,,
B2S-4962c,B2S-375d4,distance_1,1,female,white,5,4,0,1,,,,
B2S-4962c,B2S-1dbe5,distance_2,1,female,white,8,3,1,0,,,,
B2S-4962c,B2S-1ee24,distance_2,1,female,white,8,2,0,1,technically HC,,,
B2S-4962c,B2S-183b5,distance_3+,1,NA,NA,0,0,,,,,,
B2S-4962c,B2S-9b381,distance_3+,1,NA,NA,0,0,,,,,,
B2S-4962c,B2S-13243,distance_3+,1,NA,NA,0,0,,,,,,
B2S-4962c,B2S-19b85,distance_3+,1,male,ambiguous,4,6,,,,,,
B2S-4962c,B2S-1bbd4,distance_3+,1,NA,NA,0,0,,,,,,
B2S-4962c,B2S-209f4,distance_3+,1,NA,NA,0,0,,,,,,
B2S-4962c,B2S-1c237,distance_3+,1,male,asian,4,5,,,,,,
B2S-4962c,B2S-723cc,distance_3+,1,female,ambiguous,4,1,,,,,,
B2S-4962c,B2S-1fcc7,distance_3+,1,female,asian,3,0,,,,,,
B2S-4962c,B2S-1edc2,distance_3+,1,NA,NA,0,0,,,,,,
B2S-4962c,B2S-157b3,distance_3+,1,NA,NA,0,0,,,,,,
B2S-4962c,B2S-5cef3,distance_3+,1,NA,NA,0,0,,,,,,
B2S-4962c,B2S-305a2,distance_3+,1,female,asian,2,2,,,,,,
B2S-4962c,B2S-098e2,distance_3+,1,male,ambiguous,3,2,,,,,,
B2S-4962c,B2S-028f7,distance_3+,1,male,ambiguous,2,1,,,,,,
B2S-4962c,B2S-9ac86,distance_3+,1,NA,NA,0,0,,,,,,
B2S-4962c,A7S-add1418,stranger_H,0,female ,white,3,-,1,0,,,,
B2S-4962c,A2N-9e74012,stranger_H,0,female ,ambiguous,2,-,1,0,,,,
B2S-4962c,B4S-5c156,stranger_H,0,female ,ambiguous,3,11,1,0,,,,
B2S-4962c,A2N-4613910,stranger_L,0,female ,asian,0,-,0,1,lab RA,,,
B2S-4962c,A7S-c400719,stranger_L,0,female ,asian,0,-,0,1,lab RA,,,
B2S-4962c,A2N-c172869,stranger_L,0,female ,asian,0,-,0,1,,,,
B2S-4962c,A2N-6be3846 ,stranger_L,0,female ,asian,1,0,0,1,,,,
B2S-4962c,B4S-1389c,stranger_L,0,female ,asian,0,1,0,1,,,,
B2S-4962c,B4S-179d7,stranger_L,0,female ,asian,2,2,0,1,,,,
B2S-4962c,B4S-2928b,stranger_L,0,female ,asian,2,1,0,1,,,,
B2S-4962c,B4S-250d6,stranger_L,0,female ,asian,2,1,0,1,,,,
B2S-4962c,B4S-0937b,stranger_L,0,female ,asian,2,1,0,1,,,,
B2S-305a2,B2S-723cc,distance_1,1,female,ambiguous,4,1,1,0,selected,,,
B2S-305a2,B2S-098e2,distance_1,1,male,ambiguous,3,2,0,1,selected,,,
B2S-305a2,B2S-1c237,distance_2,1,male,asian,4,5,1,0,selected,,,
B2S-305a2,B2S-19b85,distance_2,1,male,ambiguous,4,6,0,1,selected,,,
B2S-305a2,B2S-4962c,distance_3+,1,female,white,7,5,1,,selected,,,
B2S-305a2,B2S-102e0,distance_3+,1,female,asian,5,4,,,,,,
B2S-305a2,B2S-1ee24,distance_3+,1,female,white,8,2,,,,,,
B2S-305a2,B2S-9b381,distance_3+,1,female,asian,3,1,0,,,,,
B2S-305a2,B2S-13243,distance_3+,1,male,asian,2,0,0,,selected,,,
B2S-305a2,B2S-1bbd4,distance_3+,1,ambiguous,black,2,1,0,,,,,
B2S-305a2,B2S-375d4,distance_3+,1,female,white,5,4,,,,,,
B2S-305a2,B2S-1fcc7,distance_3+,1,female,asian,3,0,0,,,,,
B2S-305a2,B2S-3dba2,distance_3+,1,male,asian,5,4,1,,,,,
B2S-305a2,B2S-5cef3,distance_3+,1,NA,NA,0,0,,,,,,
B2S-305a2,B2S-183b5,distance_3+,1,NA,NA,0,0,,,,,,
B2S-305a2,B2S-209f4,distance_3+,1,NA,NA,0,0,,,,,,
B2S-305a2,B2S-1dbe5,distance_3+,1,female,white,8,3,,,,,,
B2S-305a2,B2S-f366d,distance_3+,1,female,ambiguous,0,5,,,,,,
B2S-305a2,B2S-1edc2,distance_3+,1,NA,NA,0,0,,,,,,
B2S-305a2,B2S-157b3,distance_3+,1,NA,NA,0,0,,,,,,
B2S-305a2,B2S-16fa0,distance_3+,1,female,white,9,2,,,,,,
B2S-305a2,B2S-028f7,distance_3+,1,male,ambiguous,2,1,0,,,,,
B2S-305a2,B2S-9ac86,distance_3+,1,male,asian,1,3,0,,,,,
B2S-305a2,A7S-3850722,stranger_H,0,male,asian,2,-,1,0,,,,
B2S-305a2,B4S-5dd42,stranger_H,0,male,asian,3,8,1,0,selected,,,
B2S-305a2,A2N-9e74012,stranger_H,0,female,ambiguous,2,-,1,0,selected,,,
B2S-305a2,B4S-5c156,stranger_H,0,female,ambiguous,3,11,1,0,,,,
B2S-305a2,B4S-28413,stranger_L,0,male,asian,2,3,0,1,selected,,,
B2S-305a2,B4S-98db4,stranger_L,0,male,white,0,1,0,1,,,,
B2S-305a2,B4S-0d005,stranger_H,0,male,white,5,2,1,0,selected,,,
B4S-628d9,B4S-20e50,distance_1,1,female,asian,6,5,,,,,,
B4S-628d9,B4S-5c156,distance_1,1,female,ambiguous,3,11,,,,,,
B4S-628d9,B4S-26f7a,distance_2,1,female,hispanic,5,3,,,,,,
B4S-628d9,B4S-268f7,distance_2,1,female,asian,7,4,,,,,,
B4S-628d9,B4S-20545,distance_2,1,female,hispanic,8,3,,,,,,
B4S-628d9,B4S-0d005,distance_2,1,male,white,5,2,,,,,,
B4S-628d9,B4S-755b1,distance_2,1,female,ambiguous,4,4,,,,,,
B4S-628d9,B4S-5dd42,distance_2,1,male,asian,3,8,,,,,,
B4S-628d9,B4S-250d6,distance_3+,1,female,asian,2,1,,,,,,
B4S-628d9,B4S-950c1,distance_3+,1,NA,NA,0,0,,,,,,
B4S-628d9,B4S-2928b,distance_3+,1,female,asian,2,1,,,,,,
B4S-628d9,B4S-6d036,distance_3+,1,NA,NA,0,0,,,,,,
B4S-628d9,B4S-41f2f,distance_3+,1,NA,NA,0,0,,,,,,
B4S-628d9,B4S-642b3,distance_3+,1,NA,NA,0,0,,,,,,
B4S-628d9,B4S-0937b,distance_3+,1,female,asian,2,1,,,,,,
B4S-628d9,B4S-12fe3,distance_3+,1,female,hispanic,4,1,,,,,,
B4S-628d9,B4S-179d7,distance_3+,1,female,asian,2,2,,,,,,
B4S-628d9,B4S-98db4,distance_3+,1,male,white,0,1,,,,,,
B4S-628d9,B4S-1389c,distance_3+,1,female,asian,0,1,,,,,,
B4S-628d9,B4S-28413,distance_3+,1,male,asian,2,3,,,,,,
B4S-628d9,B4S-96e74,distance_3+,1,female,hispanic,2,1,,,,,,
B4S-628d9,B4S-17383,distance_3+,1,female,white,2,2,,,,,,
B4S-628d9,A7S-3850722,stranger_H,0,male,asian,2,-,1,0,,,,
B4S-628d9,A2N-3c90871,stranger_H,0,female,hispanic,2,-,1,0,,,,
B4S-628d9,A2N-f330811,stranger_H,0,female,hispanic,3,-,1,0,,,,
B4S-628d9,A2N-a4a3154,stranger_H,0,female,hispanic,3,-,1,0,,,,
B4S-628d9,A2N-2273207,stranger_H,0,female,hispanic,5,-,1,0,,,,
B4S-628d9,A2N-4613910,stranger_L,0,female,asian,0,-,0,1,lab RA,,,
B4S-628d9,A7S-c400719,stranger_L,0,female,asian,0,-,0,1,lab RA,,,
B4S-628d9,A2N-c172869,stranger_L,0,female,asian,0,-,0,1,,,,
B4S-628d9,A2N-6be3846,stranger_L,0,female,asian,1,-,0,1,,,,
B4S-628d9,A2N-1dd2972,stranger_L,0,female,ambiguous,0,-,0,1,,,,
B4S-628d9,A2N-e594533,stranger_L,0,female,ambiguous,1,-,0,1,,,,
B4S-628d9,A7S-25a2868 ,stranger_L,0,female,ambiguous,1,-,0,1,,,,
B4S-628d9,A2N-e9b6942,stranger_L,0,female,ambiguous,1,-,0,1,,,,
B4S-628d9,B2S-19b85,stranger_L,0,male,ambiguous,4,6,0,1,,,,
B4S-268f7,B4S-26f7a,distance_1,1,female,hispanic,5,3,0,1,,,,
B4S-268f7,B4S-20545,distance_1,1,female,hispanic,8,3,1,0,,,,
B4S-268f7,B4S-5c156,distance_1,1,female,ambiguous,3,11,1,0,selected,,,
B4S-268f7,B4S-1389c,distance_1,1,female,asian,0,1,0,1,selected,,,
B4S-268f7,B4S-20e50,distance_1,1,female,asian,6,5,0,1,,,,
B4S-268f7,B4S-5dd42,distance_1,1,male,asian,3,8,1,0,alt,,,
B4S-268f7,B4S-0d005,distance_2,1,male,white,5,2,1,0,selected,,,
B4S-268f7,B4S-628d9,distance_2,1,female,hispanic,2,1,0,1,selected,,,
B4S-268f7,B4S-755b1,distance_2,1,female,ambiguous,4,4,1,0,,,,
B4S-268f7,B4S-12fe3,distance_3+,1,female,hispanic,4,1,,,,,,
B4S-268f7,B4S-250d6,distance_3+,1,female,asian,2,1,,,,,,
B4S-268f7,B4S-179d7,distance_3+,1,female,asian,2,2,,,,,,
B4S-268f7,B4S-950c1,distance_3+,1,female,white,1,1,,,,,,
B4S-268f7,B4S-642b3,distance_3+,1,male,white,6,1,,,selected,,,
B4S-268f7,B4S-98db4,distance_3+,1,male,white,0,1,,,,,,
B4S-268f7,B4S-2928b,distance_3+,1,female,asian,2,1,,,,,,
B4S-268f7,B4S-6d036,distance_3+,1,male,asian,2,0,,,,,,
B4S-268f7,B4S-41f2f,distance_3+,1,female,asian,0,1,,,selected,,,
B4S-268f7,B4S-28413,distance_3+,1,male,asian,2,3,,,,,,
B4S-268f7,B4S-96e74,distance_3+,1,female,hispanic,2,1,,,,,,
B4S-268f7,B4S-17383,distance_3+,1,female,white,2,2,,,,,,
B4S-268f7,B4S-0937b,distance_3+,1,female,asian,2,1,,,,,,
B4S-268f7,A2N-3c90871,stranger_H,0,female,hispanic,2,-,1,0,,,,
B4S-268f7,A2N-f330811,stranger_H,0,female,hispanic,3,-,1,0,selected,,,
B4S-268f7,A2N-a4a3154,stranger_H,0,female,hispanic,3,-,1,0,,,,
B4S-268f7,A2N-2273207,stranger_H,0,female,hispanic,5,-,1,0,,,,
B4S-268f7,A2N-9e74012,stranger_H,0,female,ambiguous,2,-,1,0,,,,
B4S-268f7,A7S-3850722,stranger_H,0,male,asian,2,-,1,0,selected,,,
B4S-268f7,B2S-1c237,stranger_H,0,male,asian,4,5,1,0,alt for low,,,
B4S-268f7,B2S-19b85,stranger_H,0,male,ambiguous,4,6,1,0,,,,
B4S-268f7,A2N-4613910,stranger_L,0,female,asian,0,-,0,1,,,,
B4S-268f7,A7S-c400719,stranger_L,0,female,asian,0,-,0,1,lab RA,,,
B4S-268f7,A2N-c172869,stranger_L,0,female,asian,0,-,0,1,selected,,,
B4S-268f7,A2N-6be3846,stranger_L,0,female,asian,1,-,0,1,lab RA,,,
B4S-268f7,B2S-723cc,stranger_L,0,female,ambiguous,4,1,0,1,,,,
B4S-268f7,B2S-f366d,stranger_L,0,female,ambiguous,5,0,0,1,selected,,,
B2S-16fa0,B2S-4962c,distance_1,1,female,white,7,5,1,0,selected,B2S-4962c,Yes,
B2S-16fa0,B2S-1dbe5,distance_1,1,female,white,8,3,1,0,photo needs retaking,B2S-1dbe5,Yes,
B2S-16fa0,B2S-f366d,distance_1,1,female,ambiguous,0,5,0,1,photo needs retaking,B2S-f366d,Yes,
B2S-16fa0,B2S-1ee24,distance_1,1,female,white,8,2,1,0,selected,B2S-1ee24,Yes,
B2S-16fa0,B2S-3dba2,distance_2,1,male,asian,5,-,0,1,,B2S-3dba2,Yes,
B2S-16fa0,B2S-102e0,distance_2,1,female,asian,5,4,0,0,,B2S-102e0,Yes,
B2S-16fa0,B2S-375d4,distance_2,1,female,white,5,4,0,0,,B2S-375d4,Yes,
B2S-16fa0,B2S-183b5,distance_3+,1,female,white,1,0,,,,B2S-183b5,Yes,
B2S-16fa0,B2S-9b381,distance_3+,1,female,asian,3,1,,,,B2S-9b381,Yes,
B2S-16fa0,B2S-13243,distance_3+,1,male,asian,2,0,,,,B2S-13243,Yes,
B2S-16fa0,B2S-19b85,distance_3+,1,male,ambiguous,4,6,,,selected,B2S-19b85,Yes,
B2S-16fa0,B2S-1bbd4,distance_3+,1,ambiguous,black,,,,,,B2S-1bbd4,Yes,
B2S-16fa0,B2S-209f4,distance_3+,1,female,hispanic,1,2,,,,B2S-209f4,Yes,
B2S-16fa0,B2S-1c237,distance_3+,1,male,asian,4,5,,,,B2S-1c237,No,
B2S-16fa0,B2S-723cc,distance_3+,1,female,ambiguous,4,1,,,,B2S-723cc,No,
B2S-16fa0,B2S-1fcc7,distance_3+,1,female,asian,3,0,,,,B2S-1fcc7,No,
B2S-16fa0,B2S-1edc2,distance_3+,1,female,hispanic,1,1,,,,B2S-1edc2,Yes,
B2S-16fa0,B2S-157b3,distance_3+,1,,,,,,,,B2S-157b3,No,
B2S-16fa0,B2S-5cef3,distance_3+,1,female,hispanic,2,1,,,,B2S-5cef3,Yes,
B2S-16fa0,B2S-305a2,distance_3+,1,female,asian,2,2,,,,B2S-305a2,No,
B2S-16fa0,B2S-098e2,distance_3+,1,male,ambiguous,3,2,,,,B2S-098e2,No,
B2S-16fa0,B2S-028f7,distance_3+,1,male,ambiguous,2,1,,,,B2S-028f7,Yes,
B2S-16fa0,B2S-9ac86,distance_3+,1,,,,,,,,B2S-9ac86,No,
B2S-16fa0,A7S-add1418,stranger_H,0,female,white,2,-,1,0,"High: 3F white ----- Low: 3F ambiguous, white, asian; 1M: asian",A7S-add1418,Yes,
B2S-16fa0,A2N-68d0885,stranger_H,0,female,white,1,-,1,0,considered low,A2N-68d0885,No,
B2S-16fa0,A2N-c083245,stranger_H,0,female,white,1,-,1,0,considered low,A2N-c083245,No,
B2S-16fa0,B4S-5c156,stranger_H,0,female ,ambiguous,3,11,1,0,,B4S-5c156,Yes,
B2S-16fa0,A7S-3850722,stranger_L,0,male,asian,2,-,0,1,considered high,A7S-3850722,Yes,
B2S-16fa0,A2N-1dd2972,stranger_L,0,female ,ambiguous,0,-,0,1,,A2N-1dd2972,Yes,
B2S-16fa0,A2N-e594533,stranger_L,0,female ,ambiguous,1,-,0,1,,A2N-e594533,No,
B2S-16fa0,A7S-25a2868,stranger_L,0,female ,ambiguous,1,-,0,1,,A7S-25a2868,Yes,
B2S-16fa0,A2N-e9b6942,stranger_L,0,female ,ambiguous,1,-,0,1,,A2N-e9b6942,Yes,
B2S-16fa0,A2N-c172869,stranger_L,0,female,asian,0,-,0,1,,A2N-c172869,No,
B2S-16fa0,A2N-6be3846,stranger_L,0,female,asian,1,-,0,1,,A2N-6be3846,Yes,
B2S-16fa0,B4S-28413,stranger_L,0,male,asian,2,3,0,1,selected,B4S-28413,No,
B2S-16fa0,A7S-3062810,stranger_L,0,female,white,0,-,0,1,selected,A7S-3062810,No,
B4S-5c156,B4S-26f7a,distance_1,1,female,hispanic,5,3,0,1,,B4S-26f7a,Yes,B4S-5dd42
B4S-5c156,B4S-268f7,distance_1,1,female,asian,7,4,1,0,,B4S-268f7,Yes,B4S-20e50
B4S-5c156,B4S-20545,distance_1,1,female,hispanic,8,3,1,0,,B4S-20545,Yes,B4S-268f7
B4S-5c156,B4S-0d005,distance_1,1,male,white,5,2,0,1,,B4S-0d005,Yes,
B4S-5c156,B4S-628d9,distance_1,1,female,hispanic,2,1,1,1,selected LC,B4S-628d9,Yes,
B4S-5c156,B4S-20e50,distance_1,1,female,asian,6,5,1,0,selected MC,B4S-20e50,Yes,
B4S-5c156,B4S-755b1,distance_1,1,female,ambiguous,4,4,0,1,,B4S-755b1,No,
B4S-5c156,B4S-5dd42,distance_1,1,male,asian,3,8,0,1,selected HC,B4S-5dd42,Yes,
B4S-5c156,B4S-1389c,distance_2,1,female,asian,0,1,0,1,,B4S-1389c,Yes,
B4S-5c156,B4S-950c1,distance_2,1,female,white,0,0,0,1,,B4S-950c1,No,
B4S-5c156,B4S-12fe3,distance_3+,1,female,hispanic,4,1,,,selected MC,B4S-12fe3,Yes,
B4S-5c156,B4S-250d6,distance_3+,1,female,asian,2,1,,,,B4S-250d6,Yes,
B4S-5c156,B4S-179d7,distance_3+,1,female,asian,2,2,,,,B4S-179d7,No,
B4S-5c156,B4S-98db4,distance_3+,1,male,white,0,1,,,,B4S-98db4,Yes,
B4S-5c156,B4S-2928b,distance_3+,1,female,asian,2,1,,,,B4S-2928b,No,
B4S-5c156,B4S-6d036,distance_3+,1,male,asian,2,0,,,selected LC,B4S-6d036,Yes,
B4S-5c156,B4S-0937b,distance_3+,1,female,asian,2,1,,,,B4S-0937b,No,
B4S-5c156,B4S-41f2f,distance_3+,1,female,asian,0,1,,,,B4S-41f2f,Yes,
B4S-5c156,B4S-28413,distance_3+,1,male,asian,2,3,,,,B4S-28413,Yes,
B4S-5c156,B4S-96e74,distance_3+,1,female,hispanic,2,1,,,,B4S-96e74,Yes,
B4S-5c156,B4S-17383,distance_3+,1,female,white,2,2,,,,B4S-17383,Yes,
B4S-5c156,B4S-642b3,distance_3+,1,male ,white,6,1,,,selected HC,B4S-642b3,Yes,
B4S-5c156,A2N-02d7020,stranger_H,0,female,asian,2,-,1,0,selected LC,A2N-02d7020,No,"high: 4F asian (2), hispanic (2)----- low: 4F hispanic, ambiguous, asian, white; 2M asian, white"
B4S-5c156,A2N-ce92808,stranger_H,0,female,asian,3,-,1,0,,A2N-ce92808,No,
B4S-5c156,A2N-f330811,stranger_H,0,female,hispanic,3,-,1,0,,A2N-f330811,No,
B4S-5c156,A2N-a4a3154,stranger_H,0,female,hispanic,3,-,1,0,,A2N-a4a3154,No,
B4S-5c156,A2N-2273207,stranger_H,0,female,hispanic,5,-,1,0,selected HC,A2N-2273207,No,
B4S-5c156,A2N-68d0885,stranger_L,0,female,white,1,-,0,1,,A2N-68d0885,No,
B4S-5c156,A2N-c083245,stranger_L,0,female,white,1,-,0,1,,A2N-c083245,No,
B4S-5c156,A7S-3062810,stranger_L,0,female,white,0,-,0,1,,A7S-3062810,No,
B4S-5c156,A2N-6be3846,stranger_L,0,female,asian,1,-,0,1,,A2N-6be3846,No,
B4S-5c156,B4S-28413,stranger_L,0,male,asian,2,3,0,1,,B4S-28413,Yes,
B4S-5c156,A2N-8686958,stranger_L,0,female,hispanic,0,-,0,1,,A2N-8686958,No,
B4S-5c156,A7S-1b12868,stranger_L,0,female,hispanic,1,-,0,1,,A7S-1b12868,No,
B4S-5c156,A2N-c783915,stranger_L,0,female,hispanic,1,-,0,1,,A2N-c783915,No,
B4S-5c156,A2N-1dd2972,stranger_L,0,female,ambiguous,0,-,0,1,,A2N-1dd2972,No,
B4S-5c156,A2N-e594533,stranger_L,0,female,ambiguous,1,-,0,1,,A2N-e594533,No,
B4S-5c156,A7S-25a2868,stranger_L,0,female,ambiguous,1,-,0,1,,A7S-25a2868,No,
B4S-5c156,A2N-e9b6942,stranger_L,0,female,ambiguous,1,-,0,1,,A2N-e9b6942,No,
B4S-5c156,A7S-3850722,stranger_L,0,male,asian,2,-,0,1,considered high,A7S-3850722,No,
B4S-5c156,B2S-1c237,stranger_L,0,male,asian,4,5,0,1,selected HC,B2S-1c237,No,
B4S-5c156,B2S-028f7,stranger_L,0,male,ambiguous,2,1,0,1,selected LC,B2S-028f7,No,
B4S-5c156,B2S-098e2,stranger_L,0,male,ambiguous,3,2,0,1,,B2S-098e2,No,
B4S-85b47,B4S-0d005,distance_1,1,male,white,5,2,0,1,,,,
B4S-85b47,B4S-5c156,distance_1,1,female,ambiguous,3,11,1,0,,,,
B4S-85b47,B4S-755b1,distance_1,1,female,ambiguous,4,4,0,1,,,,
B4S-85b47,B4S-5dd42,distance_1,1,male,asian,3,8,1,0,,,,
B4S-85b47,B4S-26f7a,distance_2,1,female,hispanic,5,3,0,1,,,,
B4S-85b47,B4S-268f7,distance_2,1,female,asian,7,4,1,0,,,,
B4S-85b47,B4S-20545,distance_2,1,female,hispanic,8,3,1,0,,,,
B4S-85b47,B4S-628d9,distance_2,1,female,hispanic,2,1,0,1,,,,
B4S-85b47,B4S-20e50,distance_2,1,female,asian,6,5,1,0,,,,
B4S-85b47,B4S-950c1,distance_2,1,female,white,0,0,0,0,,,,
B4S-85b47,B4S-250d6,distance_3+,1,female,asian,2,1,,,,,,
B4S-85b47,B4S-2928b,distance_3+,1,female,asian,2,1,,,,,,
B4S-85b47,B4S-6d036,distance_3+,1,NA,NA,0,0,,,,,,
B4S-85b47,B4S-41f2f,distance_3+,1,NA,NA,0,0,,,,,,
B4S-85b47,B4S-642b3,distance_3+,1,NA,NA,0,0,,,,,,
B4S-85b47,B4S-0937b,distance_3+,1,female,asian,2,1,,,,,,
B4S-85b47,B4S-12fe3,distance_3+,1,female,hispanic,4,1,,,,,,
B4S-85b47,B4S-179d7,distance_3+,1,female,asian,2,2,,,,,,
B4S-85b47,B4S-98db4,distance_3+,1,male,white,0,1,,,,,,
B4S-85b47,B4S-1389c,distance_3+,1,female,asian,0,1,,,,,,
B4S-85b47,B4S-28413,distance_3+,1,male,asian,2,3,,,,,,
B4S-85b47,B4S-96e74,distance_3+,1,female,hispanic,2,1,,,,,,
B4S-85b47,B4S-17383,distance_3+,1,female,white,2,2,,,,,,
B4S-85b47,A2N-02d7020,stranger_H,0,female,asian,2,-,1,0,"high: 4F ambiguous, asian, hispanic (2); 1M asian ----- low: 4F ambiguous, hispanic (2), white ;1M white",,,
B4S-85b47,A2N-ce92808,stranger_H,0,female,asian,3,-,1,0,,,,
B4S-85b47,A2N-f330811,stranger_H,0,female,hispanic,3,-,1,0,,,,
B4S-85b47,A2N-a4a3154,stranger_H,0,female,hispanic,3,-,1,0,,,,
B4S-85b47,A2N-2273207,stranger_H,0,female,hispanic,5,-,1,0,,,,
B4S-85b47,A2N-9e74012,stranger_H,0,female,ambiguous,2,-,1,0,,,,
B4S-85b47,A7S-3850722,stranger_H,0,male,asian,2,-,1,0,,,,
B4S-85b47,B2S-1c237,stranger_H,0,male,asian,4,5,1,0,could be considered low,,,
B4S-85b47,A2N-68d0885,stranger_L,0,female,white,1,-,0,1,,,,
B4S-85b47,A2N-c083245,stranger_L,0,female,white,1,-,0,1,,,,
B4S-85b47,A7S-3062810,stranger_L,0,female,white,0,-,0,1,,,,
B4S-85b47,A2N-8686958,stranger_L,0,female,hispanic,0,-,0,1,,,,
B4S-85b47,A7S-1b12868,stranger_L,0,female,hispanic,1,-,0,1,,,,
B4S-85b47,A2N-c783915,stranger_L,0,female,hispanic,1,-,0,1,,,,
B4S-85b47,A2N-1dd2972,stranger_L,0,female,ambiguous,0,-,0,1,,,,
B4S-85b47,A2N-e594533,stranger_L,0,female,ambiguous,1,-,0,1,,,,
B4S-85b47,A7S-25a2868,stranger_L,0,female,ambiguous,1,-,0,1,,,,
B4S-85b47,A2N-e9b6942,stranger_L,0,female,ambiguous,1,-,0,1,,,,
B4S-85b47,B2S-028f7,stranger_L,0,male,ambiguous,2,1,0,1,,,,
B4S-85b47,B2S-098e2,stranger_L,0,male,ambiguous,3,2,0,1,,,,
B4S-26f7a,B4S-5dd42,distance_1,1,male,asian,3,8,1,0,selected LC,,,
B4S-26f7a,B4S-5c156,distance_1,1,female,ambiguous,3,11,1,0,,,,
B4S-26f7a,B4S-268f7,distance_1,1,female,asian,7,4,0,1,,,,
B4S-26f7a,B4S-20545,distance_1,1,female,hispanic,8,3,1,0,selected HC,,,
B4S-26f7a,B4S-20e50,distance_1,1,female,asian,6,5,0,1,,,,
B4S-26f7a,B4S-1389c,distance_2,1,female,asian,0,1,0,1,selected LC,,,
B4S-26f7a,B4S-755b1,distance_2,1,female,ambiguous,4,4,1,0,,,,
B4S-26f7a,B4S-0d005,distance_2,1,male,white,5,2,1,0,selected HC,,,
B4S-26f7a,B4S-628d9,distance_2,1,female,hispanic,2,1,0,1,,,,
B4S-26f7a,B4S-250d6,distance_3+,1,female,asian,2,1,,,,,,
B4S-26f7a,B4S-17383,distance_3+,1,female,white,2,2,,,,,,
B4S-26f7a,B4S-179d7,distance_3+,1,female,asian,2,2,,,,,,
B4S-26f7a,B4S-12fe3,distance_3+,1,female,hispanic,4,1,,,,,,
B4S-26f7a,B4S-642b3,distance_3+,1,male ,white,6,1,,,selected HC,,,
B4S-26f7a,B4S-41f2f,distance_3+,1,female,asian,0,1,,,selected LC,,,
B4S-26f7a,B4S-2928b,distance_3+,1,female,asian,2,1,,,,,,
B4S-26f7a,B4S-98db4,distance_3+,1,male,white,0,1,,,,,,
B4S-26f7a,B4S-950c1,distance_3+,1,,,,,,,,,,
B4S-26f7a,B4S-0937b,distance_3+,1,female,asian,2,1,,,,,,
B4S-26f7a,B4S-6d036,distance_3+,1,,,,,,,,,,
B4S-26f7a,B4S-96e74,distance_3+,1,female,hispanic,2,1,,,,,,
B4S-26f7a,B4S-28413,distance_3+,1,male,asian,2,3,,,,,,
B4S-26f7a,A7S-3850722,stranger_H,0,male,asian,2,-,1,0,selected LC,"high: 3F ambiguous (2), hispanic; 2M asian, white ----- low: 4F asian (3), hispanic",,
B4S-26f7a,B2S-1c237,stranger_H,0,male,asian,5,4,1,0,,,,
B4S-26f7a,B2S-19b85,stranger_H,0,male,ambiguous,6,4,1,0,selected HC,,,
B4S-26f7a,A2N-9e74012,stranger_H,0,female,ambiguous,2,-,1,0,,,,
B4S-26f7a,A2N-3c90871,stranger_H,0,female,hispanic,2,-,1,0,,,,
B4S-26f7a,A2N-f330811,stranger_H,0,female,hispanic,3,-,1,0,,,,
B4S-26f7a,A2N-a4a3154,stranger_H,0,female,hispanic,3,-,1,0,,,,
B4S-26f7a,A2N-2273207,stranger_H,0,female,hispanic,5,-,1,0,selected HC,,,
B4S-26f7a,A2N-4613910,stranger_L,0,female,asian,0,-,0,1,,,,
B4S-26f7a,A2N-c172869,stranger_L,0,female,asian,0,-,0,1,selected LC,,,
B4S-26f7a,A7S-c400719,stranger_L,0,female,asian,0,-,0,1,,,,
B4S-26f7a,A2N-6be3846,stranger_L,0,female,asian,1,-,0,1,,,,
B4S-26f7a,A2N-8686958,stranger_L,0,female,hispanic,0,-,0,1,,,,
B4S-26f7a,A7S-1b12868,stranger_L,0,female,hispanic,1,-,0,1,,,,
B4S-26f7a,A2N-c783915,stranger_L,0,female,hispanic,1,-,0,1,,,,
B4S-20545,B4S-5c156,distance_1,1,female,ambiguous,3,11,1,0,selected HC,,,
B4S-20545,B4S-268f7,distance_1,1,female,asian,7,4,1,0,,,,
B4S-20545,B4S-26f7a,distance_1,1,female,hispanic,5,3,0,1,selected LC,,,
B4S-20545,B4S-20e50,distance_1,1,female,asian,6,5,0,1,,,,
B4S-20545,B4S-1389c,distance_2,1,female,asian,0,1,0,1,,,,
B4S-20545,B4S-5dd42,distance_2,1,male,asian,3,8,1,0,selected HC,,,
B4S-20545,B4S-755b1,distance_2,1,female,ambiguous,4,4,0,1,selected LC,,,
B4S-20545,B4S-0d005,distance_2,1,male,white,5,2,1,0,,,,
B4S-20545,B4S-628d9,distance_2,1,female,hispanic,2,1,0,1,,,,
B4S-20545,B4S-250d6,distance_3+,1,female,asian,2,1,,,,,,
B4S-20545,B4S-17383,distance_3+,1,female,white,2,2,,,,,,
B4S-20545,B4S-179d7,distance_3+,1,female,asian,2,2,,,,,,
B4S-20545,B4S-12fe3,distance_3+,1,female,hispanic,4,1,,,,,,
B4S-20545,B4S-642b3,distance_3+,1,,,,,,,,,,
B4S-20545,B4S-41f2f,distance_3+,1,female,asian,0,1,,,selected LC,,,
B4S-20545,B4S-2928b,distance_3+,1,female,asian,2,1,,,,,,
B4S-20545,B4S-98db4,distance_3+,1,male,white,0,1,,,,,,
B4S-20545,B4S-950c1,distance_3+,1,,,,,,,,,,
B4S-20545,B4S-0937b,distance_3+,1,female,asian,2,1,,,,,,
B4S-20545,B4S-6d036,distance_3+,1,,,,,,,,,,
B4S-20545,B4S-96e74,distance_3+,1,female,hispanic,2,1,,,,,,
B4S-20545,B4S-28413,distance_3+,1,male,asian,2,3,,,selected HC ,,,
B4S-20545,A2N-9e74012,stranger_H,0,female,ambiguous,2,-,1,0,,"high: 2F ambiguous, asian; 2M asian white ----- low: 5F hispanic (2), asian (2), ambiguous",,
B4S-20545,A2N-02d7020,stranger_H,0,female,asian,2,-,1,0,,,,
B4S-20545,A2N-ce92808,stranger_H,0,female,asian,3,-,1,0,selected HC,,,
B4S-20545,A7S-3850722,stranger_H,0,male,asian,2,-,1,0,selected LC,,,
B4S-20545,B2S-1c237,stranger_H,0,male,asian,4,5,1,0,selected HC,,,
B4S-20545,B2S-19b85,stranger_H,0,male,ambiguous,4,6,1,0,,,,
B4S-20545,A2N-8686958,stranger_L,0,female,hispanic,0,-,0,1,,,,
B4S-20545,A7S-1b12868,stranger_L,0,female,hispanic,1,-,0,1,selected LC,,,
B4S-20545,A2N-c783915,stranger_L,0,female,hispanic,1,-,0,1,,,,
B4S-20545,A2N-4613910,stranger_L,0,female,asian,0,-,0,1,,,,
B4S-20545,A2N-c172869,stranger_L,0,female,asian,0,-,0,1,,,,
B4S-20545,A2N-1dd2972,stranger_L,0,female,ambiguous,0,-,0,1,,,,
B4S-20545,A2N-e594533,stranger_L,0,female,ambiguous,1,-,0,1,,,,
B4S-20545,A7S-25a2868,stranger_L,0,female,ambiguous,1,-,0,1,,,,
B4S-20545,A2N-e9b6942,stranger_L,0,female,ambiguous,1,-,0,1,,,,
B4S-0d005,B4S-5dd42,distance_1,1,male,asian,3,8,1,0,selected,B4S-5dd42,Yes,
B4S-0d005,B4S-755b1,distance_1,1,female,ambiguous,4,4,0,1,selected,B4S-755b1,Yes,
B4S-0d005,B4S-5c156,distance_1,1,female,ambiguous,3,11,1,0,,B4S-5c156,Yes,
B4S-0d005,B4S-950c1,distance_2,1,white,female,1,1,0,0,,B4S-950c1,No,
B4S-0d005,B4S-268f7,distance_2,1,female,asian,7,4,1,0,,B4S-268f7,Yes,
B4S-0d005,B4S-20545,distance_2,1,female,hispanic,8,3,1,0,,B4S-20545,Yes,
B4S-0d005,B4S-628d9,distance_2,1,female,hispanic,2,1,0,1,selected,B4S-628d9,Yes,
B4S-0d005,B4S-26f7a,distance_2,1,female,hispanic,5,3,0,1,,B4S-26f7a,Yes,
B4S-0d005,B4S-20e50,distance_2,1,female,asian,6,5,1,0,selected,B4S-20e50,Yes,
B4S-0d005,B4S-12fe3,distance_3+,1,female,hispanic,4,1,,,"high: 4F ambiguous, asian (2), hispanic; 1M asian ---- low: 4F ambiguous, white, hispanic (2)",B4S-12fe3,No,
B4S-0d005,B4S-642b3,distance_3+,1,NA,NA,0,0,,,,B4S-642b3,No,
B4S-0d005,B4S-1389c,distance_3+,1,female,asian,0,1,,,,B4S-1389c,Yes,
B4S-0d005,B4S-96e74,distance_3+,1,female,hispanic,2,1,,,,B4S-96e74,No,
B4S-0d005,B4S-28413,distance_3+,1,male,asian,2,3,,,selected,B4S-28413,Yes,
B4S-0d005,B4S-250d6,distance_3+,1,female,asian,2,1,,,,B4S-250d6,No,
B4S-0d005,B4S-17383,distance_3+,1,female,white,2,2,,,,B4S-17383,No,
B4S-0d005,B4S-179d7,distance_3+,1,female,asian,2,2,,,,B4S-179d7,No,
B4S-0d005,B4S-41f2f,distance_3+,1,female,asian,0,0,,,selected,B4S-41f2f,Yes,
B4S-0d005,B4S-2928b,distance_3+,1,female,asian,2,1,,,,B4S-2928b,No,
B4S-0d005,B4S-98db4,distance_3+,1,male,white,0,1,,,,B4S-98db4,No,
B4S-0d005,B4S-0937b,distance_3+,1,female,asian,2,1,,,,B4S-0937b,No,
B4S-0d005,B4S-6d036,distance_3+,1,NA,NA,0,0,,,,B4S-6d036,No,
B4S-0d005,A2N-02d7020,stranger_H,0,female,asian,2,-,1,0,,A2N-02d7020,No,
B4S-0d005,A2N-ce92808,stranger_H,0,female,asian,3,-,1,0,selected,A2N-ce92808,No,
B4S-0d005,A2N-9e74012,stranger_H,0,female,ambiguous,2,-,1,0,,A2N-9e74012,No,
B4S-0d005,A2N-3c90871,stranger_H,0,female,hispanic,2,-,1,0,,A2N-3c90871,No,
B4S-0d005,A2N-f330811,stranger_H,0,female,hispanic,3,-,1,0,,A2N-f330811,No,
B4S-0d005,A2N-a4a3154,stranger_H,0,female,hispanic,3,-,1,0,,A2N-a4a3154,No,
B4S-0d005,A2N-2273207,stranger_H,0,female,hispanic,5,-,1,0,selected,A2N-2273207,No,
B4S-0d005,A7S-3850722,stranger_H,0,male,asian,2,-,1,0,selected (as LC),A7S-3850722,No,
B4S-0d005,B2S-1c237,stranger_H,0,male,asian,4,5,1,0,,B2S-1c237,No,
B4S-0d005,A7S-3062810,stranger_L,0,female,white,0,-,0,1,,A7S-3062810,No,
B4S-0d005,A2N-68d0885,stranger_L,0,female,white,1,-,0,1,,A2N-68d0885,No,
B4S-0d005,A2N-c083245,stranger_L,0,female,white,1,-,0,1,,A2N-c083245,No,
B4S-0d005,A2N-1dd2972,stranger_L,0,female,ambiguous,0,-,0,1,,A2N-1dd2972,No,
B4S-0d005,A2N-e594533,stranger_L,0,female,ambiguous,1,-,0,1,,A2N-e594533,Yes,
B4S-0d005,A7S-25a2868,stranger_L,0,female,ambiguous,1,-,0,1,selected,A7S-25a2868,No,
B4S-0d005,A2N-e9b6942,stranger_L,0,female,ambiguous,1,-,0,1,,A2N-e9b6942,No,
B4S-0d005,A2N-8686958,stranger_L,0,female,hispanic,0,-,0,1,,A2N-8686958,No,
B4S-0d005,A7S-1b12868,stranger_L,0,female,hispanic,1,-,0,1,,A7S-1b12868,No,
B4S-0d005,A2N-c783915,stranger_L,0,female,hispanic,1,-,0,1,,A2N-c783915,No,
B2S-1c237,B2S-098e2,distance_1,1,male,ambiguous,3,2,,0,selected,B2S-098e2,Yes,
B2S-1c237,B2S-19b85,distance_1,1,male,ambiguous,4,6,1,,selected,B2S-19b85,Yes,
B2S-1c237,B2S-723cc,distance_1,1,male,ambiguous,4,1,1,,selected,B2S-723cc,Yes,
B2S-1c237,B2S-305a2,distance_2,1,male,asian,2,2,,,,B2S-305a2,Yes,
B2S-1c237,B2S-028f7,distance_3+,1,male,ambiguous,2,2,0,1,selected,B2S-028f7,Yes,
B2S-1c237,B2S-f366d,distance_3+,1,female,ambiguous,0,5,1,0,photos need to be re-taken ,B2S-f366d,No,
B2S-1c237,B2S-1dbe5,distance_3+,1,female,white,8,3,1,0,photos need to be re-taken ,B2S-1dbe5,No,
B2S-1c237,B2S-16fa0,distance_3+,1,female,white,9,2,1,0,photos need to be re-taken ,B2S-16fa0,No,
B2S-1c237,B2S-157b3,distance_3+,1,female,white,2,2,0,1,,B2S-157b3,No,
B2S-1c237,B2S-4962c,distance_3+,1,female,white,7,5,1,0,selected,B2S-4962c,Yes,
B2S-1c237,B2S-1ee24,distance_3+,1,female,white,8,2,1,0,,B2S-1ee24,No,
B2S-1c237,B2S-209f4,distance_3+,1,female,hispanic,1,2,0,1,,B2S-209f4,No,
B2S-1c237,B2S-102e0,distance_3+,1,female,asian,5,4,1,0,,B2S-102e0,Yes,
B2S-1c237,B2S-183b5,distance_3+,1,female,white,1,0,0,1,,B2S-183b5,No,
B2S-1c237,B2S-375d4,distance_3+,1,female,white,5,4,1,0,,B2S-375d4,No,
B2S-1c237,B2S-5cef3,distance_3+,1,female,hispanic,2,1,0,1,,B2S-5cef3,No,
B2S-1c237,B2S-1bbd4,distance_3+,1,NA,NA,0,0,0,1,,B2S-1bbd4,No,
B2S-1c237,B2S-1edc2,distance_3+,1,female,hispanic,1,1,0,1,,B2S-1edc2,No,
B2S-1c237,B2S-9ac86,distance_3+,1,male,asian,1,3,0,1,,B2S-9ac86,Yes,
B2S-1c237,B2S-3dba2,distance_3+,1,male,asian,5,4,1,0,selected,B2S-3dba2,Yes,
B2S-1c237,B2S-13243,distance_3+,1,male,asian,2,0,0,1,,B2S-13243,Yes,
B2S-1c237,B2S-9b381,distance_3+,1,female,asian,3,1,0,1,,B2S-9b381,Yes,
B2S-1c237,B2S-1fcc7,distance_3+,1,female,asian,3,0,0,1,,B2S-1fcc7,Yes,
B2S-1c237,A2N-9e74012,stranger_H,0,female,ambiguous,2,-,,,"high: male/female ambiguous, female white, male asian;
low: male ambiguous, female white, female hispanic, male asian, female asian, ambiguous black",A2N-9e74012,No,
B2S-1c237,A7S-3850722,stranger_H,0,male,asian,2,-,,,,A7S-3850722,No,
B2S-1c237,A7S-add1418,stranger_H,0,female,white,3,-,,,,A7S-add1418,No,
B2S-1c237,B4S-755b1,stranger_H,0,female,ambiguous,4,4,,,,B4S-755b1,No,
B2S-1c237,B4S-5dd42,stranger_H,0,male,asian,3,8,,,,B4S-5dd42,No,
B2S-1c237,B4S-0d005,stranger_H,0,male,white,5,2,,,,B4S-0d005,No,
B2S-1c237,A7S-3062810,stranger_L,0,female,white,0,-,,,,A7S-3062810,No,
B2S-1c237,A2N-68d0885,stranger_L,0,female,white,1,-,,,,A2N-68d0885,No,
B2S-1c237,A2N-c083245,stranger_L,0,female,white,1,-,,,,A2N-c083245,No,
B2S-1c237,B4S-28413,stranger_L,0,male,asian,2,3,,,,B4S-28413,No,
B2S-1c237,B4S-98db4,stranger_L,0,male,white,0,1,,,,B4S-98db4,No,
B2S-1c237,A2N-8686958,stranger_L,0,female,hispanic,0,-,,,,A2N-8686958,No,
B2S-1c237,A7S-1b12868,stranger_L,0,female,hispanic,1,-,,,,A7S-1b12868,No,
B2S-1c237,A2N-c783915,stranger_L,0,female,hispanic,1,-,,,,A2N-c783915,No,
B2S-1c237,A2N-c172869,stranger_L,0,female,asian,0,-,,,,A2N-c172869,No,
B2S-1c237,A2N-4613910,stranger_L,0,female,asian,0,-,,,,A2N-4613910,No,
B2S-1c237,A2N-e9b6942,stranger_L,0,female,ambiguous,1,-,,,,A2N-e9b6942,No,
B2S-1c237,A2N-1dd2972,stranger_L,0,female ,ambiguous,0,-,,,,A2N-1dd2972,No,
B2S-3dba2,B2S-4962c,distance_1,1,female,white,7,5,1,0,selected,B2S-4962c,Yes,
B2S-3dba2,B2S-375d4,distance_1,1,female,white,5,4,0,1,selected,B2S-375d4,Yes,
B2S-3dba2,B2S-102e0,distance_1,1,female,asian,5,4,0,1,selected,B2S-102e0,Yes,
B2S-3dba2,B2S-16fa0,distance_2,1,female,white,9,2,,,photos need to be re-taken ,B2S-16fa0,Yes,
B2S-3dba2,B2S-f366d,distance_2,1,female,ambiguous,0,5,,,photos need to be re-taken ,B2S-f366d,Yes,
B2S-3dba2,B2S-028f7,distance_3+,1,male,ambiguous,2,2,0,1,,B2S-028f7,Yes,
B2S-3dba2,B2S-19b85,distance_3+,1,male,ambiguous,4,6,1,0,selected,B2S-19b85,Yes,
B2S-3dba2,B2S-723cc,distance_3+,1,male,ambiguous,4,1,1,0,,B2S-723cc,Yes,
B2S-3dba2,B2S-1dbe5,distance_3+,1,female,white,8,3,1,0,photos need to be re-taken ,B2S-1dbe5,No,
B2S-3dba2,B2S-157b3,distance_3+,1,female,white,2,2,0,1,,B2S-157b3,No,
B2S-3dba2,B2S-1ee24,distance_3+,1,female,white,8,2,1,0,,B2S-1ee24,No,
B2S-3dba2,B2S-209f4,distance_3+,1,female,hispanic,1,2,0,1,,B2S-209f4,No,
B2S-3dba2,B2S-305a2,distance_3+,1,male,asian,2,2,0,1,,B2S-305a2,Yes,
B2S-3dba2,B2S-183b5,distance_3+,1,female,white,1,0,0,1,,B2S-183b5,No,
B2S-3dba2,B2S-098e2,distance_3+,1,male,ambiguous,3,2,0,1,,B2S-098e2,Yes,
B2S-3dba2,B2S-5cef3,distance_3+,1,female,hispanic,2,1,0,1,,B2S-5cef3,No,
B2S-3dba2,B2S-1bbd4,distance_3+,1,NA,NA,0,0,0,1,,B2S-1bbd4,Yes,
B2S-3dba2,B2S-1edc2,distance_3+,1,female,hispanic,1,1,0,1,,B2S-1edc2,No,
B2S-3dba2,B2S-9ac86,distance_3+,1,male,asian,1,3,0,1,,B2S-9ac86,Yes,
B2S-3dba2,B2S-1c237,distance_3+,1,male,asian,4,5,1,0,selected,B2S-1c237,Yes,
B2S-3dba2,B2S-13243,distance_3+,1,male,asian,2,0,0,1,selected,B2S-13243,Yes,
B2S-3dba2,B2S-9b381,distance_3+,1,female,asian,3,1,0,1,,B2S-9b381,No,
B2S-3dba2,B2S-1fcc7,distance_3+,1,male,asian,3,0,0,1,,B2S-1fcc7,Yes,
B2S-3dba2,A2N-9e74012,stranger_H,0,female,ambiguous,2,-,,,"high: female white, female/male ambiguous, male asian;
low: female white, female asian, male ambiguous, female hispanic, male asian, ambiguous black",A2N-9e74012,No,
B2S-3dba2,A7S-3850722,stranger_H,0,male,asian,2,-,,,,A7S-3850722,No,
B2S-3dba2,A7S-add1418,stranger_H,0,female,white,3,-,,,selected,A7S-add1418,No,
B2S-3dba2,B4S-755b1,stranger_H,0,female,ambiguous,4,4,,,,B4S-755b1,No,
B2S-3dba2,B4S-5dd42,stranger_H,0,male,asian,3,8,,,selected,B4S-5dd42,No,
B2S-3dba2,B4S-0d005,stranger_H,0,male,white,5,2,,,,B4S-0d005,No,
B2S-3dba2,A7S-3062810,stranger_L,0,female,white,0,-,,,,A7S-3062810,No,
B2S-3dba2,A2N-68d0885,stranger_L,0,female,white,1,-,,,,A2N-68d0885,No,
B2S-3dba2,A2N-c083245,stranger_L,0,female,white,1,-,,,,A2N-c083245,No,
B2S-3dba2,B4S-28413,stranger_L,0,male,asian,2,3,,,,B4S-28413,No,
B2S-3dba2,B4S-98db4,stranger_L,0,male,white,0,1,,,selected,B4S-98db4,No,
B2S-3dba2,A2N-8686958,stranger_L,0,female,hispanic,0,-,,,,A2N-8686958,No,
B2S-3dba2,A7S-1b12868,stranger_L,0,female,hispanic,1,-,,,,A7S-1b12868,No,
B2S-3dba2,A2N-c783915,stranger_L,0,female,hispanic,1,-,,,,A2N-c783915,No,
B2S-3dba2,A2N-c172869,stranger_L,0,female,asian,0,-,,,,A2N-c172869,No,
B2S-3dba2,A2N-4613910,stranger_L,0,female,asian,0,-,,,selected,A2N-4613910,No,
B2S-3dba2,A2N-e9b6942,stranger_L,0,female,ambiguous,1,-,,,,A2N-e9b6942,No,
B2S-3dba2,A2N-1dd2972,stranger_L,0,female ,ambiguous,0,-,,,,A2N-1dd2972,No,
B2S-4007c,B2S-4962c,distance_1,1,female,white,7,5,1,0,selected,B2S-4962c,Yes,
B2S-4007c,B2S-375d4,distance_1,1,female,white,5,4,0,1,,B2S-375d4,Yes,
B2S-4007c,B2S-3dba2,distance_1,1,male,asian,5,4,0,1,selected,B2S-3dba2,Yes,
B2S-4007c,B2S-102e0,distance_1,1,female,asian,5,4,0,1,selected,B2S-102e0,Yes,
B2S-4007c,B2S-16fa0,distance_2,1,female,white,9,2,,,photo needs to be retaken,B2S-16fa0,Yes,
B2S-4007c,B2S-f366d,distance_2,1,female,ambiguous,0,5,,,did not complete survey ,B2S-f366d,Yes,
B2S-4007c,B2S-028f7,distance_3+,1,male,ambiguous,2,2,0,1,,B2S-028f7,Yes,
B2S-4007c,B2S-19b85,distance_3+,1,male,ambiguous,4,6,1,0,selected,B2S-19b85,Yes,
B2S-4007c,B2S-723cc,distance_3+,1,male,ambiguous,4,1,1,0,,B2S-723cc,Yes,
B2S-4007c,B2S-1dbe5,distance_3+,1,female,white,8,3,1,0,photo needs to be retaken,B2S-1dbe5,No,
B2S-4007c,B2S-157b3,distance_3+,1,female,white,2,2,0,1,,B2S-157b3,No,
B2S-4007c,B2S-1ee24,distance_3+,1,female,white,8,2,1,0,,B2S-1ee24,No,
B2S-4007c,B2S-209f4,distance_3+,1,female,hispanic,1,2,0,1,,B2S-209f4,No,
B2S-4007c,B2S-305a2,distance_3+,1,male,asian,2,2,0,1,,B2S-305a2,Yes,
B2S-4007c,B2S-183b5,distance_3+,1,female,white,1,0,0,1,,B2S-183b5,No,
B2S-4007c,B2S-098e2,distance_3+,1,male,ambiguous,3,2,0,1,,B2S-098e2,Yes,
B2S-4007c,B2S-5cef3,distance_3+,1,female,hispanic,2,1,0,1,,B2S-5cef3,No,
B2S-4007c,B2S-1bbd4,distance_3+,1,NA,NA,0,0,0,1,,B2S-1bbd4,Yes,
B2S-4007c,B2S-1edc2,distance_3+,1,female,hispanic,1,1,0,1,,B2S-1edc2,Yes,
B2S-4007c,B2S-9ac86,distance_3+,1,male,asian,1,3,0,1,,B2S-9ac86,Yes,
B2S-4007c,B2S-1c237,distance_3+,1,male,asian,4,5,1,0,selected,B2S-1c237,Yes,
B2S-4007c,B2S-13243,distance_3+,1,male,asian,2,0,0,1,,B2S-13243,Yes,
B2S-4007c,B2S-9b381,distance_3+,1,female,asian,3,1,0,1,selected,B2S-9b381,Yes,
B2S-4007c,B2S-1fcc7,distance_3+,1,female,asian,3,0,0,1,,B2S-1fcc7,Yes,
B2S-4007c,A7S-add1418,stranger_H,0,female,white,3,-,,,selected,A7S-add1418,No,
B2S-4007c,A7S-3850722,stranger_H,0,male,asian,2,-,,,,A7S-3850722,No,
B2S-4007c,B4S-5dd42,stranger_H,0,male,asian,3,8,,,selected,B4S-5dd42,No,
B2S-4007c,A7S-3062810,stranger_L,0,female,white,0,-,,,,A7S-3062810,Yes,
B2S-4007c,A2N-68d0885,stranger_L,0,female,white,1,-,,,,A2N-68d0885,No,
B2S-4007c,A2N-c083245,stranger_L,0,female,white,1,-,,,selected,A2N-c083245,No,
B2S-4007c,A2N-4613910,stranger_L,0,female,asian,0,-,,,,A2N-4613910,Yes,
B2S-4007c,A2N-c172869,stranger_L,0,female,asian,0,-,,,,A2N-c172869,Yes,
B2S-4007c,A2N-8686958,stranger_L,0,female,hispanic,0,-,,,,A2N-8686958,Yes,
B2S-4007c,A7S-1b12868,stranger_L,0,female,hispanic,1,-,,,selected,A7S-1b12868,No,
B2S-4007c,A2N-c783915,stranger_L,0,female,hispanic,1,-,,,,A2N-c783915,No,
B2S-4007c,B4S-28413,stranger_L,0,male,asian,2,3,,,,B4S-28413,No,
B2S-4007c,B4S-98db4,stranger_L,0,male ,white,0,1,,,selected,B4S-98db4,No,
B2S-4007c,B4S-0d005,stranger_L,0,male,white,5,2,,,,B4S-0d005,No,
B2S-19b85,B2S-1c237,distance_1,1,male,asian,4,5,1,0,selected,B2S-1c237,Yes,
B2S-19b85,B2S-098e2,distance_1,1,male,ambiguous,3,2,0,1,selected,B2S-098e2,Yes,
B2S-19b85,B2S-723cc,distance_1,1,male,ambiguous,4,1,1,0,selected,B2S-723cc,Yes,
B2S-19b85,B2S-305a2,distance_2,1,male,asian,2,2,,,,B2S-305a2,Yes,
B2S-19b85,B2S-028f7,distance_3+,1,male,ambiguous,2,2,0,1,selected,B2S-028f7,Yes,
B2S-19b85,B2S-f366d,distance_3+,1,female,ambiguous,0,5,1,0,photo needs to be retaken,B2S-f366d,Yes,
B2S-19b85,B2S-1dbe5,distance_3+,1,female,white,8,3,1,0,photo needs to be retaken,B2S-1dbe5,Yes,
B2S-19b85,B2S-16fa0,distance_3+,1,female,white,9,2,1,0,photo needs to be retaken,B2S-16fa0,Yes,
B2S-19b85,B2S-157b3,distance_3+,1,female,white,2,2,0,1,,B2S-157b3,No,
B2S-19b85,B2S-4962c,distance_3+,1,female,white,7,5,1,0,selected,B2S-4962c,Yes,
B2S-19b85,B2S-1ee24,distance_3+,1,female,white,8,2,1,0,,B2S-1ee24,Yes,
B2S-19b85,B2S-209f4,distance_3+,1,female,hispanic,1,2,0,1,,B2S-209f4,No,
B2S-19b85,B2S-102e0,distance_3+,1,female,asian,5,4,1,0,,B2S-102e0,Yes,
B2S-19b85,B2S-183b5,distance_3+,1,female,white,1,0,0,1,,B2S-183b5,No,
B2S-19b85,B2S-375d4,distance_3+,1,female,white,5,4,1,0,,B2S-375d4,Yes,
B2S-19b85,B2S-5cef3,distance_3+,1,female,hispanic,2,1,0,1,,B2S-5cef3,No,
B2S-19b85,B2S-1bbd4,distance_3+,1,NA,NA,0,0,0,1,,B2S-1bbd4,Yes,
B2S-19b85,B2S-1edc2,distance_3+,1,female,hispanic,1,1,0,1,,B2S-1edc2,Yes,
B2S-19b85,B2S-9ac86,distance_3+,1,male,asian,1,3,0,1,,B2S-9ac86,Yes,
B2S-19b85,B2S-3dba2,distance_3+,1,male,asian,5,4,1,0,selected,B2S-3dba2,Yes,
B2S-19b85,B2S-13243,distance_3+,1,male,asian,2,0,0,1,,B2S-13243,Yes,
B2S-19b85,B2S-9b381,distance_3+,1,female,asian,3,1,0,1,,B2S-9b381,Yes,
B2S-19b85,B2S-1fcc7,distance_3+,1,female,asian,3,0,0,1,,B2S-1fcc7,Yes,
B2S-19b85,A7S-add1418,stranger_H,0,female,white,3,-,,,"high: male asian, male ambiguous, female ambiguous, female white, female asian
low: male ambiguous, female white, female hispanic, male asian, female asian",A7S-add1418,No,
B2S-19b85,A7S-3850722,stranger_H,0,male,asian,2,-,,,selected,A7S-3850722,No,
B2S-19b85,A2N-02d7020,stranger_H,0,female ,asian,2,-,,,,A2N-02d7020,No,
B2S-19b85,A2N-ce92808,stranger_H,0,female,asian,3,-,,,,A2N-ce92808,No,
B2S-19b85,B4S-20e50,stranger_H,0,female,asian,6,5,,,,B4S-20e50,Yes,
B2S-19b85,B4S-268f7,stranger_H,0,female,asian,7,4,,,,B4S-268f7,No,
B2S-19b85,B4S-755b1,stranger_H,0,female,ambiguous,4,4,,,,B4S-755b1,No,
B2S-19b85,A7S-3062810,stranger_L,0,female,white,0,-,,,,A7S-3062810,No,
B2S-19b85,A2N-68d0885,stranger_L,0,female,white,1,-,,,,A2N-68d0885,No,
B2S-19b85,A2N-c083245,stranger_L,0,female,white,1,-,,,selected,A2N-c083245,No,
B2S-19b85,A2N-8686958,stranger_L,0,female,hispanic,0,-,,,,A2N-8686958,No,
B2S-19b85,A7S-1b12868,stranger_L,0,female,hispanic,1,-,,,,A7S-1b12868,No,
B2S-19b85,A2N-c783915,stranger_L,0,female,hispanic,1,-,,,,A2N-c783915,No,
B2S-19b85,A2N-4613910,stranger_L,0,female,asian,0,-,,,,A2N-4613910,No,
B2S-19b85,A2N-c172869,stranger_L,0,female,asian,0,-,,,,A2N-c172869,No,
B2S-19b85,B4S-28413,stranger_L,0,male ,asian,2,3,,,,B4S-28413,Yes,
B2S-19b85,B4S-98db4,stranger_L,0,male ,white,0,1,,,selected,B4S-98db4,No,
B2S-19b85,B4S-0d005,stranger_L,0,male,white,5,2,,,selected,B4S-0d005,No,
B2S-723cc,B2S-305a2,distance_1,1,male,asian,2,2,0,1,selected,B2S-305a2,Yes,
B2S-723cc,B2S-1c237,distance_1,1,male,asian,4,5,1,0,selected,B2S-1c237,Yes,
B2S-723cc,B2S-098e2,distance_1,1,male,ambiguous,3,2,0,1,,B2S-098e2,Yes,
B2S-723cc,B2S-19b85,distance_1,1,male,ambiguous,4,6,1,0,selected,B2S-19b85,Yes,
B2S-723cc,B2S-028f7,distance_3+,1,male,ambiguous,2,2,0,1,selected,B2S-028f7,Yes,
B2S-723cc,B2S-f366d,distance_3+,1,female,ambiguous,0,5,1,0,photo needs to be retaken,B2S-f366d,No,
B2S-723cc,B2S-1dbe5,distance_3+,1,female,white,8,3,1,0,photo needs to be retaken,B2S-1dbe5,No,
B2S-723cc,B2S-16fa0,distance_3+,1,female,white,9,2,1,0,photo needs to be retaken,B2S-16fa0,No,
B2S-723cc,B2S-157b3,distance_3+,1,female,white,2,2,0,1,,B2S-157b3,No,
B2S-723cc,B2S-4962c,distance_3+,1,female,white,7,5,1,0,,B2S-4962c,Yes,
B2S-723cc,B2S-1ee24,distance_3+,1,female,white,8,2,1,0,,B2S-1ee24,No,
B2S-723cc,B2S-209f4,distance_3+,1,female,hispanic,1,2,0,1,,B2S-209f4,No,
B2S-723cc,B2S-102e0,distance_3+,1,female,asian,5,4,1,0,,B2S-102e0,Yes,
B2S-723cc,B2S-183b5,distance_3+,1,female,white,1,0,0,1,,B2S-183b5,No,
B2S-723cc,B2S-375d4,distance_3+,1,female,white,5,4,1,0,,B2S-375d4,No,
B2S-723cc,B2S-5cef3,distance_3+,1,female,hispanic,2,1,0,1,,B2S-5cef3,No,
B2S-723cc,B2S-1bbd4,distance_3+,1,NA,NA,0,0,0,1,,B2S-1bbd4,Yes,
B2S-723cc,B2S-1edc2,distance_3+,1,female,hispanic,1,1,0,1,,B2S-1edc2,No,
B2S-723cc,B2S-9ac86,distance_3+,1,male,asian,1,3,0,1,,B2S-9ac86,Yes,
B2S-723cc,B2S-3dba2,distance_3+,1,male,asian,5,4,1,0,selected,B2S-3dba2,Yes,
B2S-723cc,B2S-13243,distance_3+,1,male,asian,2,0,0,1,,B2S-13243,No,
B2S-723cc,B2S-9b381,distance_3+,1,female,asian,3,1,0,1,,B2S-9b381,Yes,
B2S-723cc,B2S-1fcc7,distance_3+,1,female,asian,3,0,0,1,,B2S-1fcc7,No,
B2S-723cc,A7S-add1418,stranger_H,0,female,white,3,-,,,"high: male asian, male ambiguous, female ambiguous, female white, female asian
low: male ambiguous, female white, female hispanic, male asian, female asian",A7S-add1418,No,
B2S-723cc,A7S-3850722,stranger_H,0,male,asian,2,-,,,,A7S-3850722,Yes,
B2S-723cc,A2N-02d7020,stranger_H,0,female ,asian,2,-,,selected,,A2N-02d7020,No,
B2S-723cc,A2N-ce92808,stranger_H,0,female,asian,3,-,,,,A2N-ce92808,Yes,
B2S-723cc,B4S-20e50,stranger_H,0,female,asian,6,5,,,,B4S-20e50,Yes,
B2S-723cc,B4S-268f7,stranger_H,0,female,asian,7,4,,,,B4S-268f7,Yes,
B2S-723cc,B4S-755b1,stranger_H,0,female,ambiguous,4,4,,,,B4S-755b1,No,
B2S-723cc,A7S-3062810,stranger_L,0,female,white,0,-,,,,A7S-3062810,No,
B2S-723cc,A2N-68d0885,stranger_L,0,female,white,1,-,,,,A2N-68d0885,No,
B2S-723cc,A2N-c083245,stranger_L,0,female,white,1,-,,,,A2N-c083245,No,
B2S-723cc,A2N-8686958,stranger_L,0,female,hispanic,0,-,,,,A2N-8686958,No,
B2S-723cc,A7S-1b12868,stranger_L,0,female,hispanic,1,-,,,,A7S-1b12868,No,
B2S-723cc,A2N-c783915,stranger_L,0,female,hispanic,1,-,,,,A2N-c783915,No,
B2S-723cc,A2N-4613910,stranger_L,0,female,asian,0,-,,,,A2N-4613910,No,
B2S-723cc,A2N-c172869,stranger_L,0,female,asian,0,-,,,,A2N-c172869,No,
B2S-723cc,B4S-28413,stranger_L,0,male ,asian,2,3,,selected,,B4S-28413,No,
B2S-723cc,B4S-98db4,stranger_L,0,male ,white,0,1,,selected,,B4S-98db4,No,
B2S-723cc,B4S-0d005,stranger_L,0,male,white,5,2,,selected,,B4S-0d005,No,
B2S-098e2,B2S-723cc,distance_1,1,male,ambiguous,4,1,1,0,,B2S-723cc,Yes,
B2S-098e2,B2S-305a2,distance_1,1,male,asian,2,2,0,1,selected,B2S-305a2,Yes,
B2S-098e2,B2S-1c237,distance_1,1,male,asian,4,5,1,0,selected,B2S-1c237,Yes,
B2S-098e2,B2S-19b85,distance_1,1,male,ambiguous,4,6,1,0,selected,B2S-19b85,Yes,
B2S-098e2,B2S-9b381,distance_3+,1,female,asian,3,1,0,1,,B2S-9b381,Yes,
B2S-098e2,B2S-4962c,distance_3+,1,female,white,7,5,1,0,selected,B2S-4962c,Yes,
B2S-098e2,B2S-1ee24,distance_3+,1,female,white,8,2,1,0,,B2S-1ee24,No,
B2S-098e2,B2S-13243,distance_3+,1,male,asian,2,0,0,1,,B2S-13243,Yes,
B2S-098e2,B2S-5cef3,distance_3+,1,female,hispanic,2,1,0,1,,B2S-5cef3,No,
B2S-098e2,B2S-16fa0,distance_3+,1,female,white,9,2,1,0,,B2S-16fa0,No,
B2S-098e2,B2S-3dba2,distance_3+,1,male,asian,5,4,1,0,,B2S-3dba2,Yes,
B2S-098e2,B2S-9ac86,distance_3+,1,male,asian,1,3,0,1,,B2S-9ac86,Yes,
B2S-098e2,B2S-209f4,distance_3+,1,female,hispanic,1,2,0,1,,B2S-209f4,No,
B2S-098e2,B2S-1dbe5,distance_3+,1,female,white,8,3,1,0,,B2S-1dbe5,No,
B2S-098e2,B2S-1bbd4,distance_3+,1,NA,NA,0,0,0,1,,B2S-1bbd4,Yes,
B2S-098e2,B2S-1fcc7,distance_3+,1,female,asian,3,0,0,1,,B2S-1fcc7,Yes,
B2S-098e2,B2S-157b3,distance_3+,1,female,white,2,2,0,1,,B2S-157b3,No,
B2S-098e2,B2S-f366d,distance_3+,1,female,ambiguous,0,5,1,0,,B2S-f366d,No,
B2S-098e2,B2S-1edc2,distance_3+,1,female,hispanic,1,1,0,1,,B2S-1edc2,No,
B2S-098e2,B2S-028f7,distance_3+,1,male,ambiguous,2,2,0,1,selected,B2S-028f7,Yes,
B2S-098e2,B2S-375d4,distance_3+,1,female,white,5,4,1,0,,B2S-375d4,Yes,
B2S-098e2,B2S-102e0,distance_3+,1,female,asian,5,4,1,0,selected,B2S-102e0,Yes,
B2S-098e2,B2S-183b5,distance_3+,1,female,white,1,0,0,1,,B2S-183b5,No,
B2S-098e2,A7S-add1418,stranger_H,0,female,white,3,-,,,"high: male asian, male ambiguous, female ambiguous, female white, female asian
low: male ambiguous, female white, female hispanic, male asian, female asian",A7S-add1418,No,
B2S-098e2,A7S-3850722,stranger_H,0,male,asian,2,-,,,selected,A7S-3850722,No,
B2S-098e2,A2N-02d7020,stranger_H,0,female ,asian,2,-,,,,A2N-02d7020,No,
B2S-098e2,A2N-ce92808,stranger_H,0,female,asian,3,-,,,selected,A2N-ce92808,No,
B2S-098e2,B4S-20e50,stranger_H,0,female,asian,6,5,,,,B4S-20e50,No,
B2S-098e2,B4S-268f7,stranger_H,0,female,asian,7,4,,,,B4S-268f7,No,
B2S-098e2,B4S-755b1,stranger_H,0,female,ambiguous,4,4,,,,B4S-755b1,No,
B2S-098e2,A2N-9e74012,stranger_H,0,female,ambiguous,2,-,,,,A2N-9e74012,No,
B2S-098e2,A7S-3062810,stranger_L,0,female,white,0,-,,,,A7S-3062810,No,
B2S-098e2,A2N-68d0885,stranger_L,0,female,white,1,-,,,,A2N-68d0885,No,
B2S-098e2,A2N-c083245,stranger_L,0,female,white,1,-,,,,A2N-c083245,No,
B2S-098e2,A2N-8686958,stranger_L,0,female,hispanic,0,-,,,,A2N-8686958,No,
B2S-098e2,A7S-1b12868,stranger_L,0,female,hispanic,1,-,,,,A7S-1b12868,No,
B2S-098e2,A2N-c783915,stranger_L,0,female,hispanic,1,-,,,,A2N-c783915,No,
B2S-098e2,A2N-4613910,stranger_L,0,female,asian,0,-,,,,A2N-4613910,No,
B2S-098e2,A2N-c172869,stranger_L,0,female,asian,0,-,,,,A2N-c172869,No,
B2S-098e2,B4S-28413,stranger_L,0,male ,asian,2,3,,,selected,B4S-28413,No,
B2S-098e2,B4S-98db4,stranger_L,0,male ,white,0,1,,,selected,B4S-98db4,No,
B2S-098e2,B4S-0d005,stranger_L,0,male,white,5,2,,,,B4S-0d005,Yes,
B4S-20e50,B4S-268f7,distance_1,1,female,asian,7,4,1,0,,B4S-268f7,Yes,
B4S-20e50,B4S-26f7a,distance_1,1,female,hispanic,5,3,0,1,,B4S-26f7a,Yes,
B4S-20e50,B4S-20545,distance_1,1,female,hispanic,8,3,1,0,,B4S-20545,Yes,
B4S-20e50,B4S-5dd42,distance_1,1,male,asian,3,9,1,0,,B4S-5dd42,Yes,
B4S-20e50,B4S-5c156,distance_1,1,female,ambiguous,3,11,1,0,selected,B4S-5c156,Yes,
B4S-20e50,B4S-628d9,distance_1,1,female,hispanic,2,1,0,1,selected,B4S-628d9,Yes,
B4S-20e50,B4S-0d005,distance_2,1,male,white,5,2,1,0,selected,B4S-0d005,Yes,
B4S-20e50,B4S-755b1,distance_2,1,female,ambiguous,4,5,1,0,,B4S-755b1,Yes,
B4S-20e50,B4S-1389c,distance_2,1,female,asian,0,1,0,1,selected,B4S-1389c,Yes,
B4S-20e50,B4S-12fe3,distance_3+,1,female,hispanic,4,1,,,"high: female asian, female hispanic, male asian, female ambiguous, male white ---- low: female hispanic, female asian",B4S-12fe3,No,
B4S-20e50,B4S-250d6,distance_3+,1,female,asian,2,1,,,,B4S-250d6,Yes,
B4S-20e50,B4S-28413,distance_3+,1,male,asian,2,3,,,,B4S-28413,Yes,
B4S-20e50,B4S-179d7,distance_3+,1,female,asian,2,2,,,,B4S-179d7,No,
B4S-20e50,B4S-950c1,distance_3+,1,female,white,1,1,,,,B4S-950c1,No,
B4S-20e50,B4S-41f2f,distance_3+,1,female,asian,0,1,,selected,,B4S-41f2f,Yes,
B4S-20e50,B4S-98db4,distance_3+,1,male,white,0,1,,,,B4S-98db4,Yes,
B4S-20e50,B4S-6d036,distance_3+,1,male,asian,2,0,,,,B4S-6d036,No,
B4S-20e50,B4S-96e74,distance_3+,1,female,hispanic,2,1,,,,B4S-96e74,No,
B4S-20e50,B4S-642b3,distance_3+,1,male,white,6,1,,selected,,B4S-642b3,Yes,
B4S-20e50,B4S-2928b,distance_3+,1,female,asian,2,1,,,,B4S-2928b,No,
B4S-20e50,B4S-17383,distance_3+,1,female,white,2,2,,,,B4S-17383,Yes,
B4S-20e50,B4S-0937b,distance_3+,1,female,asian,2,1,,,,B4S-0937b,No,
B4S-20e50,A2N-02d7020,stranger_H,0,female,asian,2,-,,,,A2N-02d7020,No,
B4S-20e50,A2N-ce92808,stranger_H,0,female,asian,3,-,,,,A2N-ce92808,No,
B4S-20e50,A2N-3c90871,stranger_H,0,female,hispanic,2,-,,,,A2N-3c90871,No,
B4S-20e50,A2N-f330811,stranger_H,0,female,hispanic,3,-,,,,A2N-f330811,No,
B4S-20e50, A2N-a4a3154,stranger_H,0,female,hispanic,3,-,,,,A2N-a4a3154,No,
B4S-20e50,A2N-2273207,stranger_H,0,female,hispanic,5,-,,selected,,A2N-2273207,No,
B4S-20e50,A2N-9e74012,stranger_H,0,female,ambiguous,2,-,,selected,,A2N-9e74012,No,
B4S-20e50,A7S-3850722,stranger_H,0,male,asian,2,-,,selected,can be either H or L,A7S-3850722,No,
B4S-20e50,B2S-1c237,stranger_H,0,male,asian,4,5,,,,B2S-1c237,No,
B4S-20e50,B2S-19b85,stranger_H,0,male,ambiguous,4,6,,,,B2S-19b85,Yes,
B4S-20e50,B2S-723cc,stranger_H,0,male,ambiguous,4,-,,,,B2S-723cc,Yes,
B4S-20e50,A2N-8686958,stranger_L,0,female,hispanic,0,-,,,,A2N-8686958,No,
B4S-20e50,A7S-1b12868,stranger_L,0,female,hispanic,1,-,,,,A7S-1b12868,No,
B4S-20e50,A2N-c783915,stranger_L,0,female,hispanic,1,-,,,,A2N-c783915,No,
B4S-20e50,A2N-4613910,stranger_L,0,female,asian,0,-,,,,A2N-4613910,No,
B4S-20e50,A2N-c172869,stranger_L,0,female,asian,0,-,,selected,,A2N-c172869,No,
B4S-20e50,A7S-c400719,stranger_L,0,female,asian,0,-,,,,A7S-c400719,No,
B4S-20e50,A2N-6be3846,stranger_L,0,female,asian,1,-,,,,A2N-6be3846,No,
B2S-9ac86,B2S-028f7,distance_1,1,male,ambiguous,2,2,0,1,selected,B2S-028f7,Yes,
B2S-9ac86,B2S-1fcc7,distance_1,1,male,asian,3,0,1,0,selected,B2S-1fcc7,Yes,
B2S-9ac86,B2S-74b4e,distance_1,1,male,ambiguous,0,0,0,0,selected,B2S-74b4e,Yes,
B2S-9ac86,B2S-9b381,distance_3+,1,female,asian,3,1,0,1,,B2S-9b381,Yes,
B2S-9ac86,B2S-4962c,distance_3+,1,female,white,7,5,1,0,,B2S-4962c,No,
B2S-9ac86,B2S-1ee24,distance_3+,1,female,white,8,2,1,0,,B2S-1ee24,No,
B2S-9ac86,B2S-13243,distance_3+,1,male,asian,2,0,0,1,,B2S-13243,Yes,
B2S-9ac86,B2S-1c237,distance_3+,1,male,asian,4,5,1,0,selected,B2S-1c237,Yes,
B2S-9ac86,B2S-5cef3,distance_3+,1,female,hispanic,2,1,0,1,,B2S-5cef3,No,
B2S-9ac86,B2S-16fa0,distance_3+,1,female,white,9,2,1,0,,B2S-16fa0,No,
B2S-9ac86,B2S-3dba2,distance_3+,1,male,asian,5,4,1,0,,B2S-3dba2,Yes,
B2S-9ac86,B2S-209f4,distance_3+,1,female,hispanic,1,2,0,1,,B2S-209f4,No,
B2S-9ac86,B2S-1dbe5,distance_3+,1,female,white,8,3,1,0,,B2S-1dbe5,No,
B2S-9ac86,B2S-723cc,distance_3+,1,male,ambiguous,4,1,1,0,,B2S-723cc,No,
B2S-9ac86,B2S-1bbd4,distance_3+,1,NA,NA,0,0,0,1,,B2S-1bbd4,Yes,
B2S-9ac86,B2S-098e2,distance_3+,1,male,ambiguous,3,2,0,1,,B2S-098e2,Yes,
B2S-9ac86,B2S-157b3,distance_3+,1,female,white,2,2,0,1,,B2S-157b3,No,
B2S-9ac86,B2S-f366d,distance_3+,1,female,ambiguous,0,5,1,0,,B2S-f366d,No,
B2S-9ac86,B2S-1edc2,distance_3+,1,female,hispanic,1,1,0,1,,B2S-1edc2,No,
B2S-9ac86,B2S-19b85,distance_3+,1,male,ambiguous,4,6,1,0,selected,B2S-19b85,Yes,
B2S-9ac86,B2S-375d4,distance_3+,1,female,white,5,4,1,0,,B2S-375d4,No,
B2S-9ac86,B2S-102e0,distance_3+,1,female,asian,5,4,1,0,,B2S-102e0,No,
B2S-9ac86,B2S-183b5,distance_3+,1,female,white,1,0,0,1,,B2S-183b5,No,
B2S-9ac86,B2S-305a2,distance_3+,1,male,asian,2,2,0,1,selected,B2S-305a2,Yes,
B2S-9ac86,A2N-02d7020,stranger_H,0,female,asian,2,-,,,"high: female asian, female white, male asian, male ambigious, female ambiguous ---- low: male ambig, female asian, male asian, female hispanic, female white",A2N-02d7020,No,
B2S-9ac86,A2N-ce92808,stranger_H,0,female,asian,3,-,,,,A2N-ce92808,No,
B2S-9ac86,A7S-add1418,stranger_H,0,female,white,3,-,,,,A7S-add1418,No,
B2S-9ac86,A7S-3850722,stranger_H,0,male,asian,2,-,,,selected,A7S-3850722,No,
B2S-9ac86,A2N-9e74012,stranger_H,0,female,ambig,2,-,,,,A2N-9e74012,No,
B2S-9ac86,B4S-5c156,stranger_H,0,female,ambig,3,11,,,,B4S-5c156,No,
B2S-9ac86,B4S-755b1,stranger_H,0,female,ambig,4,4,,,,B4S-755b1,No,
B2S-9ac86,B4S-5dd42,stranger_H,0,male,asian,3,8,,,selected,B4S-5dd42,No,
B2S-9ac86,B4S-0d005,stranger_H,0,male,white,5,2,,,,B4S-0d005,No,
B2S-9ac86,A2N-4613910,stranger_L,0,female,asian,0,-,,,,A2N-4613910,No,
B2S-9ac86,A7S-c400719,stranger_L,0,female,asian,0,-,,,,A7S-c400719,No,
B2S-9ac86,A2N-c172869,stranger_L,0,female,asian,0,-,,,,A2N-c172869,No,
B2S-9ac86,A2N-6be3846,stranger_L,0,female,asian,0,-,,,,A2N-6be3846,No,
B2S-9ac86,B4S-28413,stranger_L,0,male,asian,2,3,,,selected,B4S-28413,No,
B2S-9ac86,A2N-8686958,stranger_L,0,female,hispanic,0,-,,,,A2N-8686958,No,
B2S-9ac86,A7S-1b12868,stranger_L,0,female,hispanic,1,-,,,,A7S-1b12868,No,
B2S-9ac86, A2N-c783915,stranger_L,0,female,hispanic,1,-,,,,A2N-c783915,No,
B2S-9ac86,A7S-3062810,stranger_L,0,female,white,0,-,,,,A7S-3062810,No,
B2S-9ac86,A2N-68d0885,stranger_L,0,female,white,1,-,,,,A2N-68d0885,No,
B2S-9ac86,A2N-c083245,stranger_L,0,female,white,1,-,,,,A2N-c083245,No,
B2S-9ac86,B4S-98db4,stranger_L,0,male,white,0,1,,,selected,B4S-98db4,No,
B2S-102e0,B2S-3dba2,distance_1,1,male,asian,5,4,0,1,selected,B2S-3dba2,Yes,
B2S-102e0,B2S-375d4,distance_1,1,female,white,5,4,0,1,selected,B2S-375d4,Yes,
B2S-102e0,B2S-4962c,distance_1,1,female,white,7,5,1,0,selected,B2S-4962c,Yes,
B2S-102e0,B2S-f366d,distance_2,1,female,ambiguous,0,5,1,0,,B2S-f366d,Yes,
B2S-102e0,B2S-16fa0,distance_2,1,female,white,9,2,1,0,selected,B2S-16fa0,Yes,
B2S-102e0,B2S-9b381,distance_3+,1,female,asian,3,1,0,1,selected,B2S-9b381,Yes,
B2S-102e0,B2S-1ee24,distance_3+,1,female,white,8,2,1,0,B2S-cca26 and B2S-74b4e missing,B2S-1ee24,No,
B2S-102e0,B2S-13243,distance_3+,1,male,asian,2,0,0,1,,B2S-13243,Yes,
B2S-102e0,B2S-1c237,distance_3+,1,male,asian,4,5,1,0,,B2S-1c237,Yes,
B2S-102e0,B2S-5cef3,distance_3+,1,female,hispanic,2,1,0,1,,B2S-5cef3,No,
B2S-102e0,B2S-9ac86,distance_3+,1,male,asian,1,3,0,1,,B2S-9ac86,No,
B2S-102e0,B2S-209f4,distance_3+,1,female,hispanic,1,2,0,1,,B2S-209f4,No,
B2S-102e0,B2S-1dbe5,distance_3+,1,female,white,8,3,1,0,,B2S-1dbe5,Yes,
B2S-102e0,B2S-723cc,distance_3+,1,male,ambiguous,4,1,1,0,,B2S-723cc,Yes,
B2S-102e0,B2S-1bbd4,distance_3+,1,NA,NA,0,0,0,1,,B2S-1bbd4,No,
B2S-102e0,B2S-1fcc7,distance_3+,1,female,asian,3,0,0,1,,B2S-1fcc7,No,
B2S-102e0,B2S-098e2,distance_3+,1,male,ambiguous,3,2,0,1,,B2S-098e2,Yes,
B2S-102e0,B2S-157b3,distance_3+,1,female,white,2,2,0,1,,B2S-157b3,No,
B2S-102e0,B2S-1edc2,distance_3+,1,female,hispanic,1,1,0,1,,B2S-1edc2,No,
B2S-102e0,B2S-028f7,distance_3+,1,male,ambiguous,2,2,0,1,,B2S-028f7,Yes,
B2S-102e0,B2S-19b85,distance_3+,1,male,ambiguous,4,6,1,0,selected,B2S-19b85,Yes,
B2S-102e0,B2S-183b5,distance_3+,1,female,white,1,0,0,1,,B2S-183b5,Yes,
B2S-102e0,B2S-305a2,distance_3+,1,male,asian,2,2,0,1,,B2S-305a2,No,
B2S-102e0,A7S-3850722,stranger_H,0,male,asian,2,-,,,"high: female white, male asian, male ambig --- low: female white, male asian, female asian, female hispanic, male ambig",A7S-3850722,No,
B2S-102e0,A7S-add1418,stranger_H,0,female,white,3,-,,,selected,A7S-add1418,No,
B2S-102e0,A2N-9e74012,stranger_H,0,female,ambig,2,-,,,,A2N-9e74012,No,
B2S-102e0,B4S-5c156,stranger_H,0,female,ambig,3,11,,,selected,B4S-5c156,No,
B2S-102e0,B4S-755b1,stranger_H,0,female,ambig,4,4,,,,B4S-755b1,No,
B2S-102e0,B4S-5dd42,stranger_H,0,male,asian,3,8,,,selected,B4S-5dd42,No,
B2S-102e0,B4S-0d005,stranger_H,0,male,white,5,2,,,,B4S-0d005,No,
B2S-102e0,A2N-4613910,stranger_L,0,female,asian,0,-,,,,A2N-4613910,No,
B2S-102e0,A7S-c400719,stranger_L,0,female,asian,0,-,,,,A7S-c400719,No,
B2S-102e0,A2N-c172869,stranger_L,0,female,asian,0,-,,,,A2N-c172869,No,
B2S-102e0,A2N-6be3846,stranger_L,0,female,asian,0,-,,,,A2N-6be3846,No,
B2S-102e0,B4S-28413,stranger_L,0,male,asian,2,3,,,,B4S-28413,No,
B2S-102e0,A2N-8686958,stranger_L,0,female,hispanic,0,-,,,,A2N-8686958,No,
B2S-102e0,A7S-1b12868,stranger_L,0,female,hispanic,1,-,,,,A7S-1b12868,No,
B2S-102e0, A2N-c783915,stranger_L,0,female,hispanic,1,-,,,,A2N-c783915,No,
B2S-102e0,A7S-3062810,stranger_L,0,female,white,0,-,,,,A7S-3062810,No,
B2S-102e0,A2N-68d0885,stranger_L,0,female,white,1,-,,,,A2N-68d0885,No,
B2S-102e0,A2N-c083245,stranger_L,0,female,white,1,-,,,selected,A2N-c083245,No,
B2S-102e0,B4S-98db4,stranger_L,0,male,white,0,1,,,,B4S-98db4,Yes,
B4S-cdb96,B4S-755b1,distance_1,1,female,ambiguous,4,5,0,1,selected,B4S-755b1,Yes,
B4S-cdb96,B4S-5dd42,distance_1,1,male,asian,3,9,1,0,selected,B4S-5dd42,Yes,
B4S-cdb96,B4S-268f7,distance_2,1,female,asian,7,4,1,0,,B4S-268f7,Yes,
B4S-cdb96,B4S-0d005,distance_2,1,male,white,5,2,0,1,selected,B4S-0d005,Yes,
B4S-cdb96,B4S-26f7a,distance_2,1,female,hispanic,5,3,0,1,,B4S-26f7a,Yes,
B4S-cdb96,B4S-5c156,distance_2,1,female,ambiguous,3,11,1,0,selected,B4S-5c156,Yes,
B4S-cdb96,B4S-20e50,distance_2,1,female,asian,6,5,1,0,,B4S-20e50,Yes,
B4S-cdb96,B4S-950c1,distance_2,1,female,white,1,1,0,1,,B4S-950c1,No,
B4S-cdb96,B4S-12fe3,distance_3+,1,female,hispanic,4,1,,,,B4S-12fe3,No,
B4S-cdb96,B4S-250d6,distance_3+,1,female,asian,2,1,,,,B4S-250d6,Yes,
B4S-cdb96,B4S-373f0,distance_3+,1,NA,NA,0,0,,,,B4S-373f0, Not found in provided data,
B4S-cdb96,B4S-28413,distance_3+,1,male,asian,2,3,,,,B4S-28413,Yes,
B4S-cdb96,B4S-179d7,distance_3+,1,female,asian,2,2,,,,B4S-179d7,No,
B4S-cdb96,B4S-20545,distance_3+,1,female,hispanic,8,3,,,selected,B4S-20545,Yes,
B4S-cdb96,B4S-628d9,distance_3+,1,female,hispanic,2,1,,,,B4S-628d9,Yes,
B4S-cdb96,B4S-642b3,distance_3+,1,male,white,6,1,,,,B4S-642b3,Yes,
B4S-cdb96,B4S-0937b,distance_3+,1,female,asian,2,1,,,,B4S-0937b,Yes,
B4S-cdb96,B4S-17383,distance_3+,1,female,white,2,2,,,,B4S-17383,Yes,
B4S-cdb96,B4S-41f2f,distance_3+,1,female,asian,0,1,,,,B4S-41f2f,Yes,
B4S-cdb96,B4S-98db4,distance_3+,1,male,white,0,1,,,selected,B4S-98db4,Yes,
B4S-cdb96,B4S-6d036,distance_3+,1,male,asian,2,0,,,,B4S-6d036,No,
B4S-cdb96,B4S-96e74,distance_3+,1,female,hispanic,2,1,,,,B4S-96e74,Yes,
B4S-cdb96,B4S-2928b,distance_3+,1,female,asian,2,1,,,,B4S-2928b,No,
B4S-cdb96,B4S-1389c,distance_3+,1,female,asian,0,1,,,,B4S-1389c,Yes,
B4S-cdb96,A2N-02d7020,stranger_H,0,female,asian,2,-,,,"high: male asian, female asian, female ambig ---- low: female ambig, male white, female hispanic, female white",A2N-02d7020,No,
B4S-cdb96,A2N-ce92808,stranger_H,0,female,asian,3,-,,,,A2N-ce92808,No,
B4S-cdb96,A7S-3850722,stranger_H,0,male,asian,2,-,,,,A7S-3850722,No,
B4S-cdb96,A2N-9e74012,stranger_H,0,female,ambig,2,-,,,selected,A2N-9e74012,No,
B4S-cdb96,B2S-102e0,stranger_H,0,female,asian,5,4,,,,B2S-102e0,No,
B4S-cdb96,B2S-19b85,stranger_H,0,male,ambig,4,6,,,selected,B2S-19b85,No,
B4S-cdb96,B2S-1c237,stranger_H,0,male,asian,4,5,,,,B2S-1c237,Yes,
B4S-cdb96,A2N-8686958,stranger_L,0,female,hispanic,0,-,,,,A2N-8686958,No,
B4S-cdb96,A7S-1b12868,stranger_L,0,female,hispanic,1,-,,,,A7S-1b12868,No,
B4S-cdb96,A2N-c783915,stranger_L,0,female,hispanic,1,-,,,selected,A2N-c783915,No,
B4S-cdb96,A7S-3062810,stranger_L,0,female,white,0,-,,,,A7S-3062810,No,
B4S-cdb96,A2N-68d0885,stranger_L,0,female,white,1,-,,,,A2N-68d0885,No,
B4S-cdb96,A2N-c083245,stranger_L,0,female,white,1,-,,,,A2N-c083245,No,
B4S-cdb96,A2N-1dd2972,stranger_L,0,female,ambig,0,-,,,,A2N-1dd2972,No,
B4S-cdb96,A2N-e594533,stranger_L,0,female,ambig,1,-,,,,A2N-e594533,No,
B4S-cdb96,A7S-25a2868,stranger_L,0,female,ambig,1,-,,,,A7S-25a2868,No,
B4S-cdb96,A2N-e9b6942,stranger_L,0,female,ambig,1,-,,,,A2N-e9b6942,No,
B4S-cdb96,B2S-028f7,stranger_L,0,male,ambig,2,1,,,selected,B2S-028f7,No,
B4S-cdb96,B2S-098e2,stranger_L,0,male,ambig,3,2,,,,B2S-098e2,No,
B4S-cdb96,B2S-305a2,stranger_L,0,male,asian,2,2,,,,B2S-305a2,No,
B4S-1389c,B4S-268f7,distance_1,1,female,asian,7,4,1,0,selected,B4S-268f7,Yes,
B4S-1389c,B4S-26f7a,distance_2,1,female,hispanic,5,3,0,1,selected,B4S-26f7a,Yes,
B4S-1389c,B4S-20545,distance_2,1,female,hispanic,8,3,1,0,,B4S-20545,Yes,
B4S-1389c,B4S-5dd42,distance_2,1,male,asian,3,9,1,0,,B4S-5dd42,Yes,
B4S-1389c,B4S-5c156,distance_2,1,female,ambiguous,3,11,1,0,selected,B4S-5c156,Yes,
B4S-1389c,B4S-20e50,distance_2,1,female,asian,6,5,0,1,,B4S-20e50,Yes,
B4S-1389c,B4S-12fe3,distance_3+,1,female,hispanic,4,1,1,0,,B4S-12fe3,No,
B4S-1389c,B4S-250d6,distance_3+,1,female,asian,2,1,0,1,,B4S-250d6,Yes,
B4S-1389c,B4S-373f0,distance_3+,1,female,hispanic,2,0,0,1,,B4S-373f0,Yes,
B4S-1389c,B4S-28413,distance_3+,1,male,asian,2,3,0,1,,B4S-28413,Yes,
B4S-1389c,B4S-179d7,distance_3+,1,female,asian,2,2,0,1,,B4S-179d7,Yes,
B4S-1389c,B4S-628d9,distance_3+,1,female,hispanic,2,1,0,1,,B4S-628d9,Yes,
B4S-1389c,B4S-0d005,distance_3+,1,male,white,5,2,1,0,,B4S-0d005,Yes,
B4S-1389c,B4S-642b3,distance_3+,1,male,white,6,1,1,0,selected,B4S-642b3,Yes,
B4S-1389c,B4S-cdb96,distance_3+,1,female,black,4,1,1,0,selected,B4S-cdb96,Yes,
B4S-1389c,B4S-0937b,distance_3+,1,female,asian,2,1,0,1,,B4S-0937b,Yes,
B4S-1389c,B4S-17383,distance_3+,1,female,white,2,2,0,1,,B4S-17383,Yes,
B4S-1389c,B4S-950c1,distance_3+,1,female,white,1,1,0,1,,B4S-950c1,Yes,
B4S-1389c,B4S-41f2f,distance_3+,1,female,asian,0,1,0,1,,B4S-41f2f,Yes,
B4S-1389c,B4S-98db4,distance_3+,1,male,white,0,1,0,1,,B4S-98db4,Yes,
B4S-1389c,B4S-6d036,distance_3+,1,male,asian,2,0,0,1,selected,B4S-6d036,Yes,
B4S-1389c,B4S-96e74,distance_3+,1,female,hispanic,2,1,0,1,,B4S-96e74,No,
B4S-1389c,B4S-2928b,distance_3+,1,female,asian,2,1,0,1,,B4S-2928b,Yes,
B4S-1389c,B4S-755b1,distance_3+,1,female,ambiguous,4,5,1,0,,B4S-755b1,Yes,
B4S-1389c,A2N-02d7020,stranger_H,0,female,asian,2,-,,,"high: female asian, female hispanic, male asian, female ambig, male white --- low: female hispanic, female asian, male asian, female white",A2N-02d7020,No,
B4S-1389c,A2N-ce92808,stranger_H,0,female,asian,3,-,,,,A2N-ce92808,No,
B4S-1389c,A7S-3850722,stranger_H,0,male,asian,2,-,,,,A7S-3850722,No,
B4S-1389c,A2N-9e74012,stranger_H,0,female,ambig,2,-,,,,A2N-9e74012,No,
B4S-1389c,B2S-102e0,stranger_H,0,female,asian,5,4,,,selected,B2S-102e0,No,
B4S-1389c,B2S-19b85,stranger_H,0,male,ambig,4,6,,,selected,B2S-19b85,No,
B4S-1389c,B2S-1c237,stranger_H,0,male,asian,4,5,,,,B2S-1c237,No,
B4S-1389c,A2N-3c90871,stranger_H,0,female,hispanic,2,-,,,,A2N-3c90871,No,
B4S-1389c,A2N-f330811,stranger_H,0,female,hispanic,3,-,,,,A2N-f330811,No,
B4S-1389c,A2N-a4a3154,stranger_H,0,female,hispanic,3,-,,,,A2N-a4a3154,No,
B4S-1389c,A2N-2273207,stranger_H,0,female,hispanic,3,-,,,,A2N-2273207,No,
B4S-1389c,A2N-8686958,stranger_L,0,female,hispanic,0,-,,,,A2N-8686958,No,
B4S-1389c,A7S-1b12868,stranger_L,0,female,hispanic,1,-,,,selected,A7S-1b12868,No,
B4S-1389c, A2N-c783915,stranger_L,0,female,hispanic,1,-,,,,A2N-c783915,No,
B4S-1389c,A7S-3062810,stranger_L,0,female,white,0,-,,,,A7S-3062810,No,
B4S-1389c,A2N-68d0885,stranger_L,0,female,white,1,-,,,,A2N-68d0885,No,
B4S-1389c,A2N-c083245,stranger_L,0,female,white,1,-,,,,A2N-c083245,No,
B4S-1389c,B2S-305a2,stranger_L,0,male,asian,2,2,,,,B2S-305a2,No,
B4S-1389c,B2S-098e2,stranger_L,0,male,ambig,3,2,,,,B2S-098e2,No,
B4S-1389c,B2S-028f7,stranger_L,0,male,ambig,2,1,,,,B2S-028f7,Yes,
B4S-1389c,B2S-1fcc7,stranger_L,0,male,asian,3,0,,,,B2S-1fcc7,No,
B4S-1389c,A2N-4613910,stranger_L,0,female,asian,0,-,,,,A2N-4613910,No,
B4S-1389c,A7S-c400719,stranger_L,0,female,asian,0,-,,,,A7S-c400719,No,
B4S-1389c,A2N-c172869,stranger_L,0,female,asian,0,-,,,selected,A2N-c172869,No,
B4S-1389c,A2N-6be3846,stranger_L,0,female,asian,1,-,,,,A2N-6be3846,No,
B2S-028f7,B2S-74b4e,distance_1,1,male,ambig,3,1,,1,selected,B2S-74b4e,Yes,
B2S-028f7,B2S-9ac86,distance_1,1,male,asian,1,3,1,,selected,B2S-9ac86,Yes,
B2S-028f7,B2S-1fcc7,distance_2,1,female,asian,3,0,1,,selected,B2S-1fcc7,Yes,
B2S-028f7,B2S-9b381,distance_3+,1,female,asian,3,1,,1,,B2S-9b381,No,
B2S-028f7,B2S-4962c,distance_3+,1,female,white,7,5,1,,,B2S-4962c,Yes,
B2S-028f7,B2S-1ee24,distance_3+,1,female,white,8,2,1,,,B2S-1ee24,Yes,
B2S-028f7,B2S-13243,distance_3+,1,male,asian,2,0,,1,,B2S-13243,Yes,
B2S-028f7,B2S-1c237,distance_3+,1,male,asian,4,5,1,,selected,B2S-1c237,Yes,
B2S-028f7,B2S-5cef3,distance_3+,1,female,hispanic,2,1,,1,,B2S-5cef3,No,
B2S-028f7,B2S-16fa0,distance_3+,1,female,white,9,2,1,,,B2S-16fa0,Yes,
B2S-028f7,B2S-3dba2,distance_3+,1,male,asian,5,4,1,,,B2S-3dba2,Yes,
B2S-028f7,B2S-209f4,distance_3+,1,female,hispanic,1,2,,1,,B2S-209f4,No,
B2S-028f7,B2S-1dbe5,distance_3+,1,female,white,8,3,1,,,B2S-1dbe5,No,
B2S-028f7,B2S-723cc,distance_3+,1,male,ambiguous,4,1,,1,,B2S-723cc,No,
B2S-028f7,B2S-1bbd4,distance_3+,1,NA,NA,0,0,,1,,B2S-1bbd4,Yes,
B2S-028f7,B2S-098e2,distance_3+,1,male,ambiguous,3,2,,1,,B2S-098e2,Yes,
B2S-028f7,B2S-157b3,distance_3+,1,female,white,2,2,,1,,B2S-157b3,No,
B2S-028f7,B2S-f366d,distance_3+,1,female,ambiguous,0,5,,1,,B2S-f366d,No,
B2S-028f7,B2S-1edc2,distance_3+,1,female,hispanic,1,1,,1,,B2S-1edc2,No,
B2S-028f7,B2S-cca26,distance_3+,1,NA,NA,0,0,,1,,B2S-cca26,No,
B2S-028f7,B2S-19b85,distance_3+,1,male,ambiguous,4,6,1,,selected,B2S-19b85,Yes,
B2S-028f7,B2S-375d4,distance_3+,1,female,white,5,4,1,,,B2S-375d4,Yes,
B2S-028f7,B2S-102e0,distance_3+,1,female,asian,5,4,1,,,B2S-102e0,No,
B2S-028f7,B2S-183b5,distance_3+,1,female,white,1,0,,1,,B2S-183b5,No,
B2S-028f7,B2S-305a2,distance_3+,1,male,asian,2,2,,1,selected,B2S-305a2,Yes,
B2S-028f7,A2N-02d7020,stranger_H,0,female,asian,2,-,,,"high: male asian, female asian, female white, male ambig ---- low: male ambig, female asian, male asian, female hispanic, female white",A2N-02d7020,No,
B2S-028f7,A2N-ce92808,stranger_H,0,female,asian,3,-,,,,A2N-ce92808,No,
B2S-028f7,A7S-3850722,stranger_H,0,male,asian,2,-,,,selected,A7S-3850722,No,
B2S-028f7,B4S-5dd42,stranger_H,0,male,asian,3,8,,,,B4S-5dd42,Yes,
B2S-028f7,B4S-0d005,stranger_H,0,male,white,5,3,,,selected,B4S-0d005,No,
B2S-028f7,B4S-642b3,stranger_H,,male,white,6,1,,,,B4S-642b3,Yes,
B2S-028f7,A7S-add1418,stranger_H,0,female,white,3,-,,,,A7S-add1418,No,
B2S-028f7,B4S-28413,stranger_L,0,male,asian,2,3,,,,B4S-28413,No,
B2S-028f7,B4S-98db4,stranger_L,0,male,asian,0,1,,,selected,B4S-98db4,No,
B2S-028f7,B4S-6d036,stranger_L,0,male,asian,2,0,,,selected,B4S-6d036,No,
B2S-028f7,A7S-3062810,stranger_L,0,female,white,0,-,,,,A7S-3062810,No,
B2S-028f7,A2N-68d0885,stranger_L,0,female,white,1,-,,,,A2N-68d0885,No,
B2S-028f7,A2N-c083245,stranger_L,0,female,white,1,-,,,,A2N-c083245,No,
B2S-028f7,A2N-8686958,stranger_L,0,female,hispanic,0,-,,,,A2N-8686958,No,
B2S-028f7,A7S-1b12868,stranger_L,0,female,hispanic,1,-,,,,A7S-1b12868,No,
B2S-028f7, A2N-c783915,stranger_L,0,female,hispanic,1,-,,,,A2N-c783915,No,
B2S-028f7,A2N-4613910,stranger_L,0,female,asian,0,-,,,,A2N-4613910,No,
B2S-028f7,A7S-c400719,stranger_L,0,female,asian,0,-,,,,A7S-c400719,No,
B2S-028f7,A2N-c172869,stranger_L,0,female,asian,0,-,,,,A2N-c172869,No,
B2S-028f7,A2N-6be3846,stranger_L,0,female,asian,1,-,,,,A2N-6be3846,No,
B2S-1fcc7,B2S-9ac86,distance_1,1,male,asian,1,3,1,,selected,B2S-9ac86,Yes,
B2S-1fcc7,B2S-028f7,distance_2,1,male,ambiguous,2,2,,1,selected,B2S-028f7,Yes,
B2S-1fcc7,B2S-74b4e,distance_2,1,male,ambiguous,3,1,1,,selected,B2S-74b4e,Yes,
B2S-1fcc7,B2S-9b381,distance_3+,1,female,asian,3,1,,1,,B2S-9b381,Yes,
B2S-1fcc7,B2S-4962c,distance_3+,1,female,white,7,5,1,,,B2S-4962c,No,
B2S-1fcc7,B2S-1ee24,distance_3+,1,female,white,8,2,1,,,B2S-1ee24,No,
B2S-1fcc7,B2S-13243,distance_3+,1,male,asian,2,0,,1,,B2S-13243,Yes,
B2S-1fcc7,B2S-1c237,distance_3+,1,male,asian,4,5,1,,selected,B2S-1c237,Yes,
B2S-1fcc7,B2S-4007c,distance_3+,1,NA,NA,0,0,,1,,B2S-4007c, Not found in provided data,
B2S-1fcc7,B2S-5cef3,distance_3+,1,female,hispanic,2,1,,1,,B2S-5cef3,No,
B2S-1fcc7,B2S-16fa0,distance_3+,1,female,white,9,2,1,,,B2S-16fa0,No,
B2S-1fcc7,B2S-3dba2,distance_3+,1,male,asian,5,4,1,,,B2S-3dba2,Yes,
B2S-1fcc7,B2S-209f4,distance_3+,1,female,hispanic,1,2,,,,B2S-209f4,No,
B2S-1fcc7,B2S-1dbe5,distance_3+,1,female,white,8,3,1,,,B2S-1dbe5,No,
B2S-1fcc7,B2S-723cc,distance_3+,1,male,ambiguous,4,1,,1,,B2S-723cc,Yes,
B2S-1fcc7,B2S-1bbd4,distance_3+,1,NA,NA,0,0,,1,,B2S-1bbd4,Yes,
B2S-1fcc7,B2S-098e2,distance_3+,1,male,ambiguous,3,2,,1,,B2S-098e2,Yes,
B2S-1fcc7,B2S-157b3,distance_3+,1,female,white,2,2,,1,,B2S-157b3,No,
B2S-1fcc7,B2S-f366d,distance_3+,1,female,ambiguous,0,5,1,,,B2S-f366d,No,
B2S-1fcc7,B2S-1edc2,distance_3+,1,female,hispanic,1,1,,1,,B2S-1edc2,No,
B2S-1fcc7,B2S-cca26,distance_3+,1,NA,NA,0,0,,1,,B2S-cca26,No,
B2S-1fcc7,B2S-19b85,distance_3+,1,male,ambiguous,4,6,1,,selected,B2S-19b85,Yes,
B2S-1fcc7,B2S-375d4,distance_3+,1,female,white,5,4,1,,,B2S-375d4,No,
B2S-1fcc7,B2S-102e0,distance_3+,1,female,asian,5,4,1,,,B2S-102e0,No,
B2S-1fcc7,B2S-183b5,distance_3+,1,female,white,1,0,,1,,B2S-183b5,No,
B2S-1fcc7,B2S-305a2,distance_3+,1,male,asian,2,2,,1,selected,B2S-305a2,Yes,
B2S-1fcc7,A2N-02d7020,stranger_H,0,female,asian,2,-,,,"high: male asian, male ambig, female white, female ambig, female asian ----low: male ambig, female asian, male asian, female hispanic, female white",A2N-02d7020,No,
B2S-1fcc7,A2N-ce92808,stranger_H,0,female,asian,3,-,,,,A2N-ce92808,No,
B2S-1fcc7,A7S-3850722,stranger_H,0,male,asian,2,-,,,,A7S-3850722,No,
B2S-1fcc7,B4S-5dd42,stranger_H,0,male,asian,3,8,,,selected,B4S-5dd42,No,
B2S-1fcc7,B4S-0d005,stranger_H,0,male,white,5,3,,,selected,B4S-0d005,No,
B2S-1fcc7,B4S-642b3,stranger_H,0,male,white,6,1,,,,B4S-642b3,No,
B2S-1fcc7,A7S-add1418,stranger_H,0,female,white,3,-,,,,A7S-add1418,No,
B2S-1fcc7,A2N-9e74012,stranger_H,0,female,ambig,2,-,,,,A2N-9e74012,No,
B2S-1fcc7,B4S-5c156,stranger_H,0,female,ambig,3,11,,,,B4S-5c156,No,
B2S-1fcc7,A2N-4613910,stranger_L,0,female,asian,0,-,,,,A2N-4613910,No,
B2S-1fcc7,A7S-c400719,stranger_L,0,female,asian,0,-,,,,A7S-c400719,No,
B2S-1fcc7,A2N-c172869,stranger_L,0,female,asian,0,-,,,,A2N-c172869,No,
B2S-1fcc7,A2N-6be3846,stranger_L,0,female,asian,0,-,,,,A2N-6be3846,No,
B2S-1fcc7,B4S-28413,stranger_L,0,male,asian,2,3,,,selected,B4S-28413,No,
B2S-1fcc7,A2N-8686958,stranger_L,0,female,hispanic,0,-,,,,A2N-8686958,No,
B2S-1fcc7,A7S-1b12868,stranger_L,0,female,hispanic,1,-,,,,A7S-1b12868,No,
B2S-1fcc7, A2N-c783915,stranger_L,0,female,hispanic,1,-,,,,A2N-c783915,No,
B2S-1fcc7,A7S-3062810,stranger_L,0,female,white,0,-,,,,A7S-3062810,No,
B2S-1fcc7,A2N-68d0885,stranger_L,0,female,white,1,-,,,,A2N-68d0885,No,
B2S-1fcc7,A2N-c083245,stranger_L,0,female,white,1,-,,,,A2N-c083245,No,
B2S-1fcc7,B4S-98db4,stranger_L,0,male,white,0,1,,,selected,B4S-98db4,No,
B2S-74b4e,B2S-028f7,distance_1,1,male,ambiguous,2,2,,1,selected,B2S-028f7,Yes,
B2S-74b4e,B2S-9ac86,distance_1,1,male,asian,1,3,1,,selected,B2S-9ac86,Yes,
B2S-74b4e,B2S-1fcc7,distance_2,1,male,asian,3,0,1,,selected,B2S-1fcc7,Yes,
B2S-74b4e,B2S-9b381,distance_3+,1,female,asian,3,1,,1,,B2S-9b381,No,
B2S-74b4e,B2S-4962c,distance_3+,1,female,white,7,5,1,,,B2S-4962c,No,
B2S-74b4e,B2S-1ee24,distance_3+,1,female,white,8,2,1,,,B2S-1ee24,No,
B2S-74b4e,B2S-13243,distance_3+,1,male,asian,2,0,,1,selected,B2S-13243,Yes,
B2S-74b4e,B2S-1c237,distance_3+,1,male,asian,4,5,1,,,B2S-1c237,Yes,
B2S-74b4e,B2S-4007c,distance_3+,1,male,ambig,0,0,,1,,B2S-4007c, Not found in provided data,
B2S-74b4e,B2S-5cef3,distance_3+,1,female,hispanic,2,1,,1,,B2S-5cef3,No,
B2S-74b4e,B2S-16fa0,distance_3+,1,female,white,9,2,1,,,B2S-16fa0,No,
B2S-74b4e,B2S-3dba2,distance_3+,1,male,asian,5,4,1,,,B2S-3dba2,Yes,
B2S-74b4e,B2S-209f4,distance_3+,1,female,hispanic,1,2,,1,,B2S-209f4,No,
B2S-74b4e,B2S-1dbe5,distance_3+,1,female,white,8,3,1,,,B2S-1dbe5,No,
B2S-74b4e,B2S-723cc,distance_3+,1,male,ambiguous,4,1,,1,,B2S-723cc,Yes,
B2S-74b4e,B2S-1bbd4,distance_3+,1,NA,NA,0,0,,1,,B2S-1bbd4,No,
B2S-74b4e,B2S-098e2,distance_3+,1,male,ambiguous,3,2,,1,selected,B2S-098e2,Yes,
B2S-74b4e,B2S-157b3,distance_3+,1,female,white,2,2,,1,,B2S-157b3,No,
B2S-74b4e,B2S-f366d,distance_3+,1,female,ambiguous,0,5,1,,,B2S-f366d,No,
B2S-74b4e,B2S-1edc2,distance_3+,1,female,hispanic,1,1,,1,,B2S-1edc2,No,
B2S-74b4e,B2S-cca26,distance_3+,1,NA,NA,0,0,,1,,B2S-cca26,No,
B2S-74b4e,B2S-19b85,distance_3+,1,male,ambiguous,4,6,1,,selected,B2S-19b85,Yes,
B2S-74b4e,B2S-375d4,distance_3+,1,female,white,5,4,1,,,B2S-375d4,No,
B2S-74b4e,B2S-102e0,distance_3+,1,female,asian,5,4,1,,,B2S-102e0,Yes,
B2S-74b4e,B2S-183b5,distance_3+,1,female,white,1,0,,1,,B2S-183b5,No,
B2S-74b4e,B2S-305a2,distance_3+,1,male,asian,2,2,,1,,B2S-305a2,Yes,
B2S-74b4e,A2N-02d7020,stranger_H,0,female,asian,2,-,,,"high: male asian, female asian, female white, female ambig, male ambig ----low: male ambig, female asian, male asian, female hispanic, female white",A2N-02d7020,No,
B2S-74b4e,A2N-ce92808,stranger_H,0,female,asian,3,-,,,,A2N-ce92808,No,
B2S-74b4e,A7S-3850722,stranger_H,0,male,asian,2,-,,,selected,A7S-3850722,No,
B2S-74b4e,B4S-5dd42,stranger_H,0,male,asian,3,8,,,,B4S-5dd42,Yes,
B2S-74b4e,B4S-0d005,stranger_H,0,male,white,5,3,,,selected,B4S-0d005,No,
B2S-74b4e,B4S-642b3,stranger_H,0,male,white,6,1,,,,B4S-642b3,Yes,
B2S-74b4e,A7S-add1418,stranger_H,0,female,white,3,-,,,,A7S-add1418,No,
B2S-74b4e,A2N-9e74012,stranger_H,0,female,ambig,2,-,,,,A2N-9e74012,No,
B2S-74b4e,B4S-5c156,stranger_H,0,female,ambig,3,11,,,,B4S-5c156,No,
B2S-74b4e,A2N-4613910,stranger_L,0,female,asian,0,-,,,,A2N-4613910,No,
B2S-74b4e,A7S-c400719,stranger_L,0,female,asian,0,-,,,,A7S-c400719,No,
B2S-74b4e,A2N-c172869,stranger_L,0,female,asian,0,-,,,,A2N-c172869,No,
B2S-74b4e,A2N-6be3846,stranger_L,0,female,asian,0,-,,,,A2N-6be3846,No,
B2S-74b4e,B4S-28413,stranger_L,0,male,asian,2,3,,,selected,B4S-28413,No,
B2S-74b4e,A2N-8686958,stranger_L,0,female,hispanic,0,-,,,,A2N-8686958,No,
B2S-74b4e,A7S-1b12868,stranger_L,0,female,hispanic,1,-,,,,A7S-1b12868,No,
B2S-74b4e, A2N-c783915,stranger_L,0,female,hispanic,1,-,,,,A2N-c783915,No,
B2S-74b4e,A7S-3062810,stranger_L,0,female,white,0,-,,,,A7S-3062810,No,
B2S-74b4e,A2N-68d0885,stranger_L,0,female,white,1,-,,,,A2N-68d0885,No,
B2S-74b4e,A2N-c083245,stranger_L,0,female,white,1,-,,,,A2N-c083245,No,
B2S-74b4e,B4S-98db4,stranger_L,0,male,white,0,1,,,selected,B4S-98db4,No,
B2S-90477,B2S-19b85,distance_1,1,male,ambiguous,4,6,1,,,B2S-19b85,Yes,
B2S-90477,B2S-4962c,distance_2,1,female,white,7,5,1,,,B2S-4962c,Yes,
B2S-90477,B2S-4007c,distance_2,1,male,ambig,0,0,,1,,B2S-4007c,Yes,
B2S-90477,B2S-102e0,distance_2,1,female,asian,5,4,1,,,B2S-102e0,Yes,
B2S-90477,B2S-cca26,distance_2,1,female,white,3,0,,1,,B2S-cca26,Yes,
B2S-90477,B2S-1c237,distance_2,1,male,asian,4,5,1,,,B2S-1c237,Yes,
B2S-90477,B2S-098e2,distance_2,1,male,ambiguous,3,2,,1,,B2S-098e2,Yes,
B2S-90477,B2S-723cc,distance_2,1,male,ambiguous,4,1,,1,,B2S-723cc,Yes,
B2S-90477,B2S-375d4,distance_3+,1,female,white,5,4,1,,,B2S-375d4,Yes,
B2S-90477,B2S-13243,distance_3+,1,male,asian,2,0,,1,,B2S-13243,Yes,
B2S-90477,B2S-9b381,distance_3+,1,female,asian,3,1,,1,,B2S-9b381,Yes,
B2S-90477,B2S-3dba2,distance_3+,1,male,asian,5,4,1,,,B2S-3dba2,Yes,
B2S-90477,B2S-1edc2,distance_3+,1,female,hispanic,1,1,,1,,B2S-1edc2,No,
B2S-90477,B2S-1bbd4,distance_3+,1,NA,NA,0,0,,1,,B2S-1bbd4,Yes,
B2S-90477,B2S-157b3,distance_3+,1,female,white,2,2,,1,,B2S-157b3,No,
B2S-90477,B2S-305a2,distance_3+,1,male,asian,2,2,,1,,B2S-305a2,Yes,
B2S-90477,B2S-1dbe5,distance_3+,1,female,white,8,3,1,,,B2S-1dbe5,No,
B2S-90477,B2S-f366d,distance_3+,1,female,ambiguous,0,5,1,,,B2S-f366d,Yes,
B2S-90477,B2S-209f4,distance_3+,1,female,hispanic,1,2,,1,,B2S-209f4,No,
B2S-90477,B2S-9ac86,distance_3+,1,male,asian,1,3,,1,,B2S-9ac86,Yes,
B2S-90477,B2S-028f7,distance_3+,1,male,ambiguous,2,2,,1,,B2S-028f7,Yes,
B2S-90477,B2S-183b5,distance_3+,1,female,white,1,0,,1,,B2S-183b5,Yes,
B2S-90477,B2S-16fa0,distance_3+,1,female,white,9,2,1,,,B2S-16fa0,Yes,
B2S-90477,B2S-1ee24,distance_3+,1,female,white,8,2,1,,,B2S-1ee24,No,
B2S-90477,B2S-5cef3,distance_3+,1,female,hispanic,2,1,,1,,B2S-5cef3,No,
B2S-90477,B2S-1fcc7,distance_3+,1,female,asian,3,0,,1,,B2S-1fcc7,Yes,
B2S-90477,B2S-74b4e,distance_3+,1,male,ambig,0,0,,1,,B2S-74b4e,Yes,
B2S-90477,A2N-02d7020,stranger_H,0,female,asian,2,-,,,"high: male ambig, female white, female asian, male asian, female ambig ---- low: male ambig, female white, male asian, female asian, female hispanic",A2N-02d7020,No,
B2S-90477,A2N-ce92808,stranger_H,0,female,asian,3,-,,,,A2N-ce92808,Yes,
B2S-90477,A7S-3850722,stranger_H,0,male,asian,2,-,,,,A7S-3850722,No,
B2S-90477,B4S-5dd42,stranger_H,0,male,asian,3,8,,,,B4S-5dd42,Yes,
B2S-90477,B4S-0d005,stranger_H,0,male,white,5,3,,,,B4S-0d005,No,
B2S-90477,B4S-642b3,stranger_H,0,male,white,6,1,,,,B4S-642b3,No,
B2S-90477,A7S-add1418,stranger_H,0,female,white,3,-,,,,A7S-add1418,No,
B2S-90477,A2N-9e74012,stranger_H,0,female,ambig,2,-,,,,A2N-9e74012,No,
B2S-90477,B4S-5c156,stranger_H,0,female,ambig,3,11,,,,B4S-5c156,Yes,
B2S-90477,A2N-4613910,stranger_L,0,female,asian,0,-,,,,A2N-4613910,No,
B2S-90477,A7S-c400719,stranger_L,0,female,asian,0,-,,,,A7S-c400719,No,
B2S-90477,A2N-c172869,stranger_L,0,female,asian,0,-,,,,A2N-c172869,No,
B2S-90477,A2N-6be3846,stranger_L,0,female,asian,0,-,,,,A2N-6be3846,No,
B2S-90477,B4S-28413,stranger_L,0,male,asian,2,3,,,,B4S-28413,No,
B2S-90477,A2N-8686958,stranger_L,0,female,hispanic,0,-,,,,A2N-8686958,No,
B2S-90477,A7S-1b12868,stranger_L,0,female,hispanic,1,-,,,,A7S-1b12868,No,
B2S-90477, A2N-c783915,stranger_L,0,female,hispanic,1,-,,,,A2N-c783915,No,
B2S-90477,A7S-3062810,stranger_L,0,female,white,0,-,,,,A7S-3062810,No,
B2S-90477,A2N-68d0885,stranger_L,0,female,white,1,-,,,,A2N-68d0885,No,
B2S-90477,A2N-c083245,stranger_L,0,female,white,1,-,,,,A2N-c083245,Yes,
B2S-90477,B4S-98db4,stranger_L,0,male,white,0,1,,,,B4S-98db4,No,